Symbol,Stock Name,Yahoo Ticker,Exchange,Currency,Quantity,Average Price,Added At,Updated At
360ONE,360 ONE WAM LIMITED,360ONE.NS,NSI,INR,1.0,1192.0,2026-08-06T03:40:02,2026-08-13T03:50:47
3MINDIA,3M India Limited,3MINDIA.NS,NSI,INR,1.0,,2026-08-17T03:36:34,2026-08-17T03:36:34
AARTIIND,Aarti Industries Limited,AARTIIND.NS,NSI,INR,1.0,466.5499878,2026-06-24T14:58:50,2026-08-13T03:50:47
ABB,ABB India Limited,ABB.NS,NSI,INR,1.0,6967.5,2026-06-24T14:59:50,2026-08-13T03:50:47
ABBOTINDIA,Abbott India Limited,ABBOTINDIA.NS,NSI,INR,1.0,,2026-08-17T03:35:05,2026-08-17T03:35:05
ABCAPITAL,Aditya Birla Capital Limited,ABCAPITAL.NS,NSI,INR,1.0,394.7999878,2026-06-24T15:00:44,2026-08-13T03:50:47
ABGSEC,Aditya Birla Sun Life CRISIL Broad Based Gilt ETF,ABGSEC.NS,NSI,INR,1.0,114.0999985,2026-06-26T04:05:04,2026-08-13T03:50:47
ABSL10BANK,BSE Top 10 Banks Index,ABSL10BANK.NS,NSI,INR,1.0,172.0,2026-06-26T04:05:04,2026-08-13T03:50:47
ABSLAMC,Aditya Birla Sun Life AMC Limited,ABSLAMC.NS,NSI,INR,1.0,1195.199951,2026-06-24T14:47:17,2026-08-13T03:50:47
ABSLBANETF,NiftyBank,ABSLBANETF.NS,NSI,INR,1.0,59.61000061,2026-06-26T04:05:04,2026-08-13T03:50:47
ABSLLIQUID,AdityaBirlaSunLifeCRISILOvernightFundAIIndexETF,ABSLLIQUID.NS,NSI,INR,1.0,1000.0,2026-06-26T04:05:04,2026-08-13T03:50:47
ABSLMSCIN,MSCI India Index,ABSLMSCIN.NS,NSI,INR,1.0,29.28000069,2026-06-26T04:05:04,2026-08-13T03:50:47
ABSLNN50ET,NiftyNext50,ABSLNN50ET.NS,NSI,INR,1.0,75.54000092,2026-06-26T04:05:04,2026-08-13T03:50:47
ABSLPSE,AdityaBirlaSunLifeNiftyPSEETF,ABSLPSE.NS,NSI,INR,1.0,10.43999958,2026-06-26T04:05:04,2026-08-13T03:50:47
ACE,Action Construction Equipment Limited,ACE.NS,NSI,INR,1.0,1003.349976,2026-06-24T15:00:44,2026-08-13T03:50:47
ACUTAAS,Acutaas Chemicals Limited,ACUTAAS.NS,NSI,INR,10.0,3241.02,2026-06-24T14:58:50,2026-08-13T03:50:47
ADANIENSOL,Adani Energy Solutions Limited,ADANIENSOL.NS,NSI,INR,1.0,1495.900024,2026-06-24T15:00:44,2026-08-13T03:50:47
ADANIENT,Adani Enterprises Limited,ADANIENT.NS,NSI,INR,1.0,3021.0,2026-07-01T03:59:52,2026-08-13T03:50:47
ADANIGREEN,Adani Green Energy Limited,ADANIGREEN.NS,NSI,INR,1.0,1525.400024,2026-06-24T15:00:44,2026-08-13T03:50:47
ADANIPORTS,Adani Ports and Special Economic Zone Limited,ADANIPORTS.NS,NSI,INR,1.0,1813.300049,2026-06-24T14:59:50,2026-08-13T03:50:47
ADANIPOWER,Adani Power Limited,ADANIPOWER.NS,NSI,INR,1.0,229.7599945,2026-06-24T15:00:44,2026-08-13T03:50:47
ADOR,Ador Welding Limited,ADOR.NS,NSI,INR,1.0,1226.599976,2026-06-24T14:47:17,2026-08-13T03:50:47
AEGISLOG,Aegis Logistics Limited,AEGISLOG.NS,NSI,INR,1.0,1186.5,2026-07-01T04:01:11,2026-08-13T03:50:47
AEROFLEX,Aeroflex Industries Limited,AEROFLEX.NS,NSI,INR,1.0,479.6499939,2026-06-24T14:47:17,2026-08-13T03:50:47
AETHER,Aether Industries Limited,AETHER.NS,NSI,INR,1.0,1357.199951,2026-06-24T14:47:17,2026-08-13T03:50:47
AIAENG,AIA Engineering Limited,AIAENG.NS,NSI,INR,1.0,4857.5,2026-06-24T15:00:44,2026-08-13T03:50:47
AJANTPHARM,Ajanta Pharma Limited,AJANTPHARM.NS,NSI,INR,1.0,3255.699951,2026-06-24T14:58:50,2026-08-13T03:50:47
ALIVUS,Alivus Life Sciences Limited,ALIVUS.NS,NSI,INR,1.0,1116.099976,2026-06-24T14:58:50,2026-08-13T03:50:47
ALKEM,Alkem Laboratories Limited,ALKEM.NS,NSI,INR,1.0,,2026-08-17T03:35:56,2026-08-17T03:35:56
ALKYLAMINE,Alkyl Amines Chemicals Limited,ALKYLAMINE.NS,NSI,INR,1.0,1947.400024,2026-08-13T03:29:35,2026-08-13T03:50:47
ALPHA,NIFTYAlpha50Index,ALPHA.NS,NSI,INR,1.0,51.68000031,2026-06-26T04:05:04,2026-08-13T03:50:47
ALPHAETF,MiraeAssetNifty200Alpha30ETF,ALPHAETF.NS,NSI,INR,1.0,26.25,2026-06-26T04:05:04,2026-08-13T03:50:47
ALPL30IETF,NiftyAlphaLow-Volatility30Index,ALPL30IETF.NS,NSI,INR,1.0,27.27000046,2026-06-26T04:05:04,2026-08-13T03:50:47
ANTELOPUS,Selan Exploration Technology Limited,ANTELOPUS.NS,NSI,INR,1.0,807.25,2026-06-24T14:59:50,2026-08-13T03:50:47
AONEGOLD,Domestic price of Gold,AONEGOLD.NS,NSI,INR,1.0,13.06000042,2026-06-26T04:05:04,2026-08-13T03:50:47
AONELIQUID,Nifty 1D Rate Index,AONELIQUID.NS,NSI,INR,1.0,1065.150024,2026-06-26T04:05:04,2026-08-13T03:50:47
AONENIFTY,Nifty 50 Index,AONENIFTY.NS,NSI,INR,1.0,9.890000343,2026-06-26T04:05:04,2026-08-13T03:50:47
AONESILVER,Domestic price of Silver,AONESILVER.NS,NSI,INR,1.0,8.289999962,2026-06-26T04:05:04,2026-08-13T03:50:47
AONETMMQ50,Nifty Total Market Momentum Quality 50 TRI,AONETMMQ50.NS,NSI,INR,1.0,10.21000004,2026-06-26T04:05:04,2026-08-13T03:50:47
AONETOTAL,Nifty Total Market Index,AONETOTAL.NS,NSI,INR,1.0,11.76000023,2026-06-26T04:05:04,2026-08-13T03:50:47
APARINDS,Apar Industries Limited,APARINDS.NS,NSI,INR,1.0,16665.0,2026-06-24T15:00:44,2026-08-13T03:50:47
APLLTD,Alembic Pharmaceuticals Limited,APLLTD.NS,NSI,INR,1.0,829.0,2026-08-05T04:23:11,2026-08-13T03:50:47
APOLLO,Apollo Micro Systems Limited,APOLLO.NS,NSI,INR,1.0,395.0,2026-06-24T14:47:17,2026-08-13T03:50:47
APOLLOHOSP,Apollo Hospitals Enterprise Limited,APOLLOHOSP.NS,NSI,INR,1.0,8573.5,2026-06-24T14:47:17,2026-08-13T03:50:47
APOLLOTYRE,Apollo Tyres Limited,APOLLOTYRE.NS,NSI,INR,1.0,443.7999878,2026-08-12T04:37:46,2026-08-13T03:50:47
APTUS,Aptus Value Housing Finance India Limited,APTUS.NS,NSI,INR,1.0,264.2999878,2026-08-06T03:40:02,2026-08-13T03:50:47
ARVIND,Arvind Limited,ARVIND.NS,NSI,INR,1.0,556.0999756,2026-06-24T14:58:50,2026-08-13T03:50:47
ASHAPURMIN,Ashapura Minechem Limited,ASHAPURMIN.NS,NSI,INR,1.0,692.3499756,2026-06-24T15:00:44,2026-08-13T03:50:47
ASHIANA,Ashiana Housing Limited,ASHIANA.NS,NSI,INR,1.0,382.3500061,2026-06-24T14:47:17,2026-08-13T03:50:47
ASKAUTOLTD,ASK Automotive Limited,ASKAUTOLTD.NS,NSI,INR,1.0,514.4000244,2026-07-29T03:27:06,2026-08-13T03:50:47
ASTERDM,Aster DM Healthcare Limited,ASTERDM.NS,NSI,INR,1.0,783.99,2026-06-24T14:47:17,2026-08-13T03:50:47
ATUL,Atul Limited,ATUL.NS,NSI,INR,1.0,6612.5,2026-06-24T14:58:50,2026-08-13T03:50:47
AUBANK,AU Small Finance Bank Limited,AUBANK.NS,NSI,INR,1.0,1067.199951,2026-06-24T15:00:44,2026-08-13T03:50:47
AUROPHARMA,Aurobindo Pharma Limited,AUROPHARMA.NS,NSI,INR,1.0,1530.599976,2026-06-24T14:47:17,2026-08-13T03:50:47
AUTOBEES,Nippon India ETF Auto BeES,AUTOBEES.NS,NSI,INR,1.0,271.8200073,2026-06-26T04:05:04,2026-08-13T03:50:47
AUTOIETF,NiftyAutoIndex,AUTOIETF.NS,NSI,INR,1.0,27.18000031,2026-06-26T04:05:04,2026-08-13T03:50:47
AVALON,Avalon Technologies Limited,AVALON.NS,NSI,INR,1.0,1748.300049,2026-06-24T14:47:17,2026-08-13T03:50:47
AVANTIFEED,Avanti Feeds Limited,AVANTIFEED.NS,NSI,INR,1.0,978.2999878,2026-06-24T14:59:50,2026-08-13T03:50:47
AWHCL,Antony Waste Handling Cell Limited,AWHCL.NS,NSI,INR,1.0,476.1499939,2026-06-24T15:00:44,2026-08-13T03:50:47
AXISBANK,Axis Bank Limited,AXISBANK.NS,NSI,INR,1.0,1384.5,2026-06-24T14:59:50,2026-08-13T03:50:47
AXISBNKETF,NiftyBank,AXISBNKETF.NS,NSI,INR,1.0,599.9699707,2026-06-26T04:05:04,2026-08-13T03:50:47
AXISCETF,NIFTYIndiaConsumptionIndex,AXISCETF.NS,NSI,INR,1.0,118.3300018,2026-06-26T04:05:04,2026-08-13T03:50:47
AXISGOLD,Gold,AXISGOLD.NS,NSI,INR,1.0,118.2099991,2026-06-26T04:05:04,2026-08-13T03:50:47
AXISHCETF,NiftyHealthcareIndex,AXISHCETF.NS,NSI,INR,1.0,162.1600037,2026-06-26T04:05:04,2026-08-13T03:50:47
AXISILVER,AxisSilverETF,AXISILVER.NS,NSI,INR,1.0,221.6900024,2026-06-26T04:05:04,2026-08-13T03:50:47
AXISNIFTY,NIFTY50,AXISNIFTY.NS,NSI,INR,1.0,264.9400024,2026-06-26T04:05:04,2026-08-13T03:50:47
AXISTECETF,NIFTYITIndex,AXISTECETF.NS,NSI,INR,1.0,303.1600037,2026-06-26T04:05:04,2026-08-13T03:50:47
BAFNAPH,Bafna Pharmaceuticals Limited,BAFNAPH.NS,NSI,INR,1.0,252.7100067,2026-07-29T07:13:04,2026-08-13T03:50:47
BAJAJ-AUTO,Bajaj Auto Limited,BAJAJ-AUTO.NS,NSI,INR,1.0,9750.0,2026-06-24T14:59:50,2026-08-13T03:50:47
BAJAJCON,Bajaj Consumer Care Limited,BAJAJCON.NS,NSI,INR,46.0,572.93,2026-06-24T15:00:44,2026-08-13T03:50:47
BAJAJFINSV,Bajaj Finserv Limited,BAJAJFINSV.NS,NSI,INR,1.0,,2026-08-17T03:35:05,2026-08-17T03:35:05
BAJAJHLDNG,Bajaj Holdings & Investment Limited,BAJAJHLDNG.NS,NSI,INR,1.0,11566.0,2026-08-04T03:50:17,2026-08-13T03:50:47
BAJFINANCE,Bajaj Finance Limited,BAJFINANCE.NS,NSI,INR,1.0,1152.2,2026-08-04T03:49:17,2026-08-13T03:50:47
BALAMINES,Balaji Amines Limited,BALAMINES.NS,NSI,INR,1.0,2081.0,2026-07-01T04:04:42,2026-08-13T03:50:47
BALKRISIND,Balkrishna Industries Limited,BALKRISIND.NS,NSI,INR,1.0,2496.100098,2026-08-12T04:38:07,2026-08-13T03:50:47
BANDHANBNK,Bandhan Bank Limited,BANDHANBNK.NS,NSI,INR,1.0,211.7599945,2026-06-24T14:47:17,2026-08-13T03:50:47
BANK10ADD,BSE Top 10 Banks Index (TRI),BANK10ADD.NS,NSI,INR,1.0,17.29000092,2026-06-26T04:05:04,2026-08-13T03:50:47
BANKADD,DSPNiftyBankETF,BANKADD.NS,NSI,INR,1.0,59.61999893,2026-06-26T04:05:04,2026-08-13T03:50:47
BANKBEES,Nippon India ETF Bank BeES,BANKBEES.NS,NSI,INR,1.0,602.2800293,2026-06-26T04:05:04,2026-08-13T03:50:47
BANKBETA,NiftyBankIndex,BANKBETA.NS,NSI,INR,1.0,60.24000168,2026-06-26T04:05:04,2026-08-13T03:50:47
BANKBETF,BajajFinservNiftyBankETF,BANKBETF.NS,NSI,INR,1.0,59.13000107,2026-06-26T04:05:04,2026-08-13T03:50:47
BANKETF,MiraeAssetNiftyBankETF,BANKETF.NS,NSI,INR,1.0,592.289978,2026-06-26T04:05:04,2026-08-13T03:50:47
BANKIETF,NiftyBankIndex,BANKIETF.NS,NSI,INR,1.0,59.77999878,2026-06-26T04:05:04,2026-08-13T03:50:47
BANKINDIA,Bank of India,BANKINDIA.NS,NSI,INR,1.0,144.1499939,2026-06-24T14:59:50,2026-08-13T03:50:47
BANKNIFTY1,NiftyBank,BANKNIFTY1.NS,NSI,INR,1.0,60.31999969,2026-06-26T04:05:04,2026-08-13T03:50:47
BANKPSU,Nifty PSU Bank Total Return Index,BANKPSU.NS,NSI,INR,1.0,87.18000031,2026-06-26T04:05:04,2026-08-13T03:50:47
BASF,BASF India Limited,BASF.NS,NSI,INR,1.0,3758.899902,2026-06-24T14:58:50,2026-08-13T03:50:47
BBETF0432,NiftyBHARATBondIndex-April2032,BBETF0432.NS,NSI,INR,1.0,1340.640015,2026-06-26T04:05:04,2026-08-13T03:50:47
BBNPNBETF,Baroda BNP Paribas NIFTY Bank ETF,BBNPNBETF.NS,NSI,INR,1.0,58.45000076,2026-06-26T04:05:04,2026-08-13T03:50:47
BBNPPGOLD,BarodaBNPParibasGoldETF,BBNPPGOLD.NS,NSI,INR,1.0,137.8500061,2026-06-26T04:05:04,2026-08-13T03:50:47
BDL,Bharat Dynamics Limited,BDL.NS,NSI,INR,1.0,,2026-08-17T03:35:56,2026-08-17T03:35:56
BEML,BEML Limited,BEML.NS,NSI,INR,1.0,1902.300049,2026-08-13T03:28:09,2026-08-13T03:50:47
BERGEPAINT,Berger Paints (I) Limited,BERGEPAINT.NS,NSI,INR,1.0,,2026-08-17T03:35:26,2026-08-17T03:35:26
BFSI,NiftyFinancialServicesIndex,BFSI.NS,NSI,INR,1.0,27.79000092,2026-06-26T04:05:04,2026-08-13T03:50:47
BHAGYANGR,Bhagyanagar India Limited,BHAGYANGR.NS,NSI,INR,132.0,383.01,2026-06-24T15:09:06,2026-08-13T03:50:47
BHARATFORG,Bharat Forge Limited,BHARATFORG.NS,NSI,INR,1.0,2122.800049,2026-06-24T14:58:50,2026-08-13T03:50:47
BHARATGEAR,Bharat Gears Limited,BHARATGEAR.NS,NSI,INR,1.0,130.6699982,2026-06-24T14:58:50,2026-08-13T03:50:47
BHARTIARTL,Bharti Airtel Limited,BHARTIARTL.NS,NSI,INR,1.0,1978.0,2026-08-06T03:40:02,2026-08-13T03:50:47
BHEL,Bharat Heavy Electricals Limited,BHEL.NS,NSI,INR,1.0,402.8999939,2026-06-24T14:58:50,2026-08-13T03:50:47
BIOCON,Biocon Limited,BIOCON.NS,NSI,INR,1.0,436.6000061,2026-08-06T16:31:23,2026-08-13T03:50:47
BLISSGVS,Bliss GVS Pharma Limited,BLISSGVS.NS,NSI,INR,1.0,498.1,2026-06-24T14:58:50,2026-08-13T03:50:47
BLS,BLS International Services Limited,BLS.NS,NSI,INR,1.0,259.2000122,2026-06-24T15:00:44,2026-08-13T03:50:47
BOSCHLTD,Bosch Limited,BOSCHLTD.NS,NSI,INR,1.0,46520.0,2026-08-12T04:37:46,2026-08-13T03:50:47
BSE,BSE Limited,BSE.NS,NSI,INR,1.0,3886.600098,2026-06-24T14:58:50,2026-08-13T03:50:47
BSE500IETF,S&PBSE500index,BSE500IETF.NS,NSI,INR,1.0,38.93999863,2026-06-26T04:05:04,2026-08-13T03:50:47
BSLGOLDETF,Gold,BSLGOLDETF.NS,NSI,INR,5.0,132.22,2026-06-26T04:05:04,2026-08-13T03:50:47
BSLNIFTY,Nifty50,BSLNIFTY.NS,NSI,INR,1.0,28.05999947,2026-06-26T04:05:04,2026-08-13T03:50:47
BSLSENETFG,BSESENSEXIndex,BSLSENETFG.NS,NSI,INR,1.0,77.36000061,2026-06-26T04:05:04,2026-08-13T03:50:47
CAMS,Computer Age Management Services Limited,CAMS.NS,NSI,INR,1.0,663.3,2026-06-24T14:47:17,2026-08-13T03:50:47
CANFINHOME,Can Fin Homes Limited,CANFINHOME.NS,NSI,INR,1.0,884.7999878,2026-06-24T15:00:44,2026-08-13T03:50:47
CAPLIPOINT,Caplin Point Laboratories Limited,CAPLIPOINT.NS,NSI,INR,1.0,2519.0,2026-06-24T14:47:17,2026-08-13T03:50:47
CARBORUNIV,Carborundum Universal Limited,CARBORUNIV.NS,NSI,INR,1.0,1162.5,2026-06-24T15:00:44,2026-08-13T03:50:47
CARERATING,CARE Ratings Limited,CARERATING.NS,NSI,INR,1.0,1678.5,2026-06-24T14:58:50,2026-08-13T03:50:47
CASHIETF,BSE Liquid Rate Index,CASHIETF.NS,NSI,INR,1.0,1068.400024,2026-06-26T04:05:04,2026-08-13T03:50:47
CCL,CCL Products (India) Limited,CCL.NS,NSI,INR,1.0,1167.099976,2026-06-24T14:58:50,2026-08-13T03:50:47
CDSL,Central Depository Services (India) Limited,CDSL.NS,NSI,INR,1.0,1331.699951,2026-06-24T15:00:44,2026-08-13T03:50:47
CEMPRO,Cemindia Projects Limited,CEMPRO.NS,NSI,INR,1.0,1308.900024,2026-07-01T04:01:11,2026-08-13T03:50:47
CENTUM,Centum Electronics Limited,CENTUM.NS,NSI,INR,1.0,3772.899902,2026-07-01T04:01:45,2026-08-13T03:50:47
CENTURYPLY,Century Plyboards (India) Limited,CENTURYPLY.NS,NSI,INR,1.0,770.7000122,2026-08-12T04:37:46,2026-08-13T03:50:47
CERA,Cera Sanitaryware Limited,CERA.NS,NSI,INR,1.0,5891.5,2026-08-12T04:37:46,2026-08-13T03:50:47
CGCL,Capri Global Capital Limited,CGCL.NS,NSI,INR,1.0,218.3899994,2026-06-24T15:00:44,2026-08-13T03:50:47
CGPOWER,CG Power and Industrial Solutions Limited,CGPOWER.NS,NSI,INR,1.0,919.4500122,2026-06-24T14:58:50,2026-08-13T03:50:47
CHEMICAL,Nifty Chemicals Index (TRI),CHEMICAL.NS,NSI,INR,1.0,29.65999985,2026-06-26T04:05:04,2026-08-13T03:50:47
CHENNPETRO,Chennai Petroleum Corporation Limited,CHENNPETRO.NS,NSI,INR,1.0,1128.0,2026-06-24T14:59:50,2026-08-13T03:50:47
CHOICEGOLD,Gold,CHOICEGOLD.NS,NSI,INR,1.0,138.9700012,2026-06-26T04:05:04,2026-08-13T03:50:47
CHOLAFIN,Cholamandalam Investment and Finance Company Limited,CHOLAFIN.NS,NSI,INR,1.0,1792.900024,2026-06-24T14:58:50,2026-08-13T03:50:47
CHOLAHLDNG,Cholamandalam Financial Holdings Limited,CHOLAHLDNG.NS,NSI,INR,1.0,,2026-08-17T03:35:56,2026-08-17T03:35:56
CIPLA,Cipla Limited,CIPLA.NS,NSI,INR,1.0,1457.0,2026-08-04T03:48:49,2026-08-13T03:50:47
CLSEL,Chaman Lal Setia Exports Limited,CLSEL.NS,NSI,INR,1.0,294.5,2026-06-24T14:58:50,2026-08-13T03:50:47
COASTCORP,Coastal Corporation Limited,COASTCORP.NS,NSI,INR,1.0,50.5,2026-06-24T14:58:50,2026-08-13T03:50:47
COMMOIETF,ICICIPrudentialNiftyCommoditiesETF,COMMOIETF.NS,NSI,INR,1.0,100.5100021,2026-06-26T04:05:04,2026-08-13T03:50:47
CONCORDBIO,Concord Biotech Limited,CONCORDBIO.NS,NSI,INR,1.0,1432.0,2026-08-04T03:49:01,2026-08-13T03:50:47
CONS,KotakNiftyIndiaConsumptionETF,CONS.NS,NSI,INR,1.0,11.80000019,2026-06-26T04:05:04,2026-08-13T03:50:47
CONSUMBEES,Nippon India ETF Consumption BeES,CONSUMBEES.NS,NSI,INR,1.0,128.9600067,2026-06-26T04:05:04,2026-08-13T03:50:47
CONSUMER,Nifty India New Age Consumption,CONSUMER.NS,NSI,INR,1.0,11.31999969,2026-06-26T04:05:04,2026-08-13T03:50:47
CONSUMIETF,NiftyIndiaConsumptionIndex,CONSUMIETF.NS,NSI,INR,1.0,118.9899979,2026-06-26T04:05:04,2026-08-13T03:50:47
CPSEETF,NiftyCPSE,CPSEETF.NS,NSI,INR,1.0,97.87000275,2026-06-26T04:05:04,2026-08-13T03:50:47
CRAFTSMAN,Craftsman Automation Limited,CRAFTSMAN.NS,NSI,INR,1.0,9384.5,2026-06-24T15:00:44,2026-08-13T03:50:47
CREDITACC,CREDITACCESS GRAMEEN LIMITED,CREDITACC.NS,NSI,INR,1.0,1460.300049,2026-06-24T14:47:17,2026-08-13T03:50:47
CUMMINSIND,Cummins India Limited,CUMMINSIND.NS,NSI,INR,1.0,5555.5,2026-06-24T14:59:50,2026-08-13T03:50:47
DATAPATTNS,Data Patterns (India) Limited,DATAPATTNS.NS,NSI,INR,1.0,4620.100098,2026-06-24T15:00:44,2026-08-13T03:50:47
DCBBANK,DCB Bank Limited,DCBBANK.NS,NSI,INR,1.0,185.5599976,2026-06-24T15:00:44,2026-08-13T03:50:47
DEEPAKFERT,Deepak Fertilizers and Petrochemicals Corporation Limited,DEEPAKFERT.NS,NSI,INR,1.0,1604.599976,2026-07-02T03:32:26,2026-08-13T03:50:47
DEEPAKNTR,Deepak Nitrite Limited,DEEPAKNTR.NS,NSI,INR,1.0,1645.199951,2026-06-24T15:00:44,2026-08-13T03:50:47
DEFENCE,BSE India Defence,DEFENCE.NS,NSI,INR,1.0,78.27999878,2026-06-26T04:05:04,2026-08-13T03:50:47
DHARMAJ,Dharmaj Crop Guard Limited,DHARMAJ.NS,NSI,INR,1.0,265.4500122,2026-06-24T15:00:44,2026-08-13T03:50:47
DIVGIITTS,Divgi Torqtransfer Systems Limited,DIVGIITTS.NS,NSI,INR,1.0,860.0,2026-06-24T15:00:44,2026-08-13T03:50:47
DIVIDEND,BSE 500 Dividend Leaders,DIVIDEND.NS,NSI,INR,1.0,35.27000046,2026-06-26T04:05:04,2026-08-13T03:50:47
DIVISLAB,Divi's Laboratories Limited,DIVISLAB.NS,NSI,INR,1.0,6753.5,2026-06-24T14:47:17,2026-08-13T03:50:47
DIVOPPBEES,NiftyDivOpps50,DIVOPPBEES.NS,NSI,INR,1.0,76.37999725,2026-06-26T04:05:04,2026-08-13T03:50:47
DIXON,Dixon Technologies (India) Limited,DIXON.NS,NSI,INR,1.0,13800.0,2026-08-13T03:29:18,2026-08-13T03:50:47
DLF,DLF Limited,DLF.NS,NSI,INR,1.0,663.5999756,2026-08-05T04:23:11,2026-08-13T03:50:47
DMART,Avenue Supermarts Limited,DMART.NS,NSI,INR,1.0,4336.0,2026-06-24T14:58:50,2026-08-13T03:50:47
EBANKNIFTY,Edelweiss Nifty Bank ETF,EBANKNIFTY.NS,NSI,INR,1.0,58.41999817,2026-06-26T04:05:04,2026-08-13T03:50:47
EBBETF0430,NiftyBHARATBond,EBBETF0430.NS,NSI,INR,1.0,1599.910034,2026-06-26T04:05:04,2026-08-13T03:50:47
EBBETF0431,NiftyBHARATBondIndex April2031,EBBETF0431.NS,NSI,INR,1.0,1432.410034,2026-06-26T04:05:04,2026-08-13T03:50:47
EBBETF0433,BHARATBondETF-April2033,EBBETF0433.NS,NSI,INR,1.0,1303.77002,2026-06-26T04:05:04,2026-08-13T03:50:47
ECAPINSURE,Edelweiss BSE Capital Markets & Insurance ETF,ECAPINSURE.NS,NSI,INR,1.0,24.45999908,2026-06-26T04:05:04,2026-08-13T03:50:47
EDELWEISS,Edelweiss Financial Services Limited,EDELWEISS.NS,NSI,INR,1.0,125.3700027,2026-06-24T15:00:44,2026-08-13T03:50:47
EGOLD,EdelweissGoldETF,EGOLD.NS,NSI,INR,1.0,142.1000061,2026-06-26T04:05:04,2026-08-13T03:50:47
EICHERMOT,Eicher Motors Limited,EICHERMOT.NS,NSI,INR,1.0,7572.0,2026-06-24T14:59:50,2026-08-13T03:50:47
ELIQUID,Nifty 1D Rate Index (Debt Index),ELIQUID.NS,NSI,INR,1.0,1036.920044,2026-06-26T04:05:04,2026-08-13T03:50:47
ELM250,Nifty LargeMidcap 250 TRI,ELM250.NS,NSI,INR,1.0,16.38999939,2026-06-26T04:05:04,2026-08-13T03:50:47
EMIL,Electronics Mart India Limited,EMIL.NS,NSI,INR,1.0,125.9300003,2026-07-01T04:00:50,2026-08-13T03:50:47
EMULTIMQ,Nifty500 Multicap Momentum Quality 50 Total Return Index,EMULTIMQ.NS,NSI,INR,1.0,42.43999863,2026-06-26T04:05:04,2026-08-13T03:50:47
ENDURANCE,Endurance Technologies Limited,ENDURANCE.NS,NSI,INR,1.0,2710.600098,2026-06-24T14:58:50,2026-08-13T03:50:47
ENERGY,Nifty Energy,ENERGY.NS,NSI,INR,1.0,40.06999969,2026-06-26T04:05:04,2026-08-13T03:50:47
ENEXT50,Nifty Next 50 Total Return Index,ENEXT50.NS,NSI,INR,1.0,71.26999664,2026-06-26T04:05:04,2026-08-13T03:50:47
ENGINERSIN,Engineers India Limited,ENGINERSIN.NS,NSI,INR,1.0,,2026-08-17T03:36:34,2026-08-17T03:36:34
ENIFTY,Nifty 50 TRI,ENIFTY.NS,NSI,INR,1.0,24.23999977,2026-06-26T04:05:04,2026-08-13T03:50:47
EQUAL200,BSE 200 Equal Weight,EQUAL200.NS,NSI,INR,1.0,13.60000038,2026-06-26T04:05:04,2026-08-13T03:50:47
EQUAL50,Nifty50 Equal Weight,EQUAL50.NS,NSI,INR,1.0,327.980011,2026-06-26T04:05:04,2026-08-13T03:50:47
EQUAL50ADD,NIFTY50EqualWeightIndex,EQUAL50ADD.NS,NSI,INR,1.0,339.6400146,2026-06-26T04:05:04,2026-08-13T03:50:47
ERIS,Eris Lifesciences Limited,ERIS.NS,NSI,INR,1.0,1380.0,2026-08-04T03:48:42,2026-08-13T03:50:47
ESENSEX,BSE Sensex TRI,ESENSEX.NS,NSI,INR,1.0,77.44000244,2026-06-26T04:05:04,2026-08-13T03:50:47
ESG,Nifty100ESGSectorLeadersTotalReturnIndex,ESG.NS,NSI,INR,1.0,41.08000183,2026-06-26T04:05:04,2026-08-13T03:50:47
ESILVER,EdelweissSilverETF,ESILVER.NS,NSI,INR,1.0,222.3099976,2026-06-26T04:05:04,2026-08-13T03:50:47
ETERNAL,ETERNAL LIMITED,ETERNAL.NS,NSI,INR,1.0,312.8500061,2026-08-05T04:23:24,2026-08-13T03:50:47
EVIETF,Nifty EV & New Age Automotive Index,EVIETF.NS,NSI,INR,1.0,31.56999969,2026-06-26T04:05:04,2026-08-13T03:50:47
EVINDIA,Nifty EV and New Age Automotive Total Return Index,EVINDIA.NS,NSI,INR,1.0,31.18000031,2026-06-26T04:05:04,2026-08-13T03:50:47
EXIDEIND,Exide Industries Limited,EXIDEIND.NS,NSI,INR,1.0,399.5,2026-06-24T15:00:44,2026-08-13T03:50:47
FEDERALBNK,The Federal Bank  Limited,FEDERALBNK.NS,NSI,INR,1.0,325.2000122,2026-06-24T14:59:50,2026-08-13T03:50:47
FEDFINA,Fedbank Financial Services Limited,FEDFINA.NS,NSI,INR,1.0,150.8899994,2026-06-24T15:00:44,2026-08-13T03:50:47
FIEMIND,Fiem Industries Limited,FIEMIND.NS,NSI,INR,1.0,2217.399902,2026-06-24T14:58:50,2026-08-13T03:50:47
FINIETF,ICICIPrudentialNiftyFinancialServicesEx-BankETF,FINIETF.NS,NSI,INR,1.0,32.27999878,2026-06-26T04:05:04,2026-08-13T03:50:47
FIVESTAR,Five-Star Business Finance Limited,FIVESTAR.NS,NSI,INR,1.0,552.2999878,2026-08-04T03:50:17,2026-08-13T03:50:47
FLEXIADD,Nifty500 Flexicap Quality 30 TRI,FLEXIADD.NS,NSI,INR,1.0,9.68999958,2026-06-26T04:05:04,2026-08-13T03:50:47
FLUOROCHEM,Gujarat Fluorochemicals Limited,FLUOROCHEM.NS,NSI,INR,1.0,3908.699951,2026-06-24T14:58:50,2026-08-13T03:50:47
FMCGADD,Nifty FMCG Index (TRI),FMCGADD.NS,NSI,INR,1.0,49.29000092,2026-06-26T04:05:04,2026-08-13T03:50:47
FMCGIETF,NiftyFMCGIndex,FMCGIETF.NS,NSI,INR,1.0,52.91999817,2026-06-26T04:05:04,2026-08-13T03:50:47
FMGOETZE,Federal-Mogul Goetze (India) Limited.,FMGOETZE.NS,NSI,INR,1.0,483.75,2026-07-29T03:27:06,2026-08-13T03:50:47
FORTIS,Fortis Healthcare Limited,FORTIS.NS,NSI,INR,1.0,975.4000244,2026-06-24T14:47:17,2026-08-13T03:50:47
GABRIEL,Gabriel India Limited,GABRIEL.NS,NSI,INR,1.0,1236.5,2026-07-01T03:59:52,2026-08-13T03:50:47
GAEL,Gujarat Ambuja Exports Limited,GAEL.NS,NSI,INR,1.0,161.5599976,2026-06-24T14:58:50,2026-08-13T03:50:47
GAIL,GAIL (India) Limited,GAIL.NS,NSI,INR,1.0,177.9499969,2026-08-13T03:29:03,2026-08-13T03:50:47
GANESHBE,Ganesh Benzoplast Limited,GANESHBE.NS,NSI,INR,1.0,124.9300003,2026-07-29T03:27:06,2026-08-13T03:50:47
GESHIP,The Great Eastern Shipping Company Limited,GESHIP.NS,NSI,INR,1.0,1497.199951,2026-06-24T15:00:44,2026-08-13T03:50:47
GILT10BETA,UTINifty10yrBenchmarkG-SecETF,GILT10BETA.NS,NSI,INR,1.0,26.65999985,2026-06-26T04:05:04,2026-08-13T03:50:47
GILT5BETA,UTINifty5yrBenchmarkG-SecETF,GILT5BETA.NS,NSI,INR,1.0,66.54000092,2026-06-26T04:05:04,2026-08-13T03:50:47
GILT5YBEES,Nifty5yrBenchmarkG-SecIndex,GILT5YBEES.NS,NSI,INR,1.0,65.66999817,2026-06-26T04:05:04,2026-08-13T03:50:47
GLAND,Gland Pharma Limited,GLAND.NS,NSI,INR,1.0,2326.199951,2026-06-24T14:47:17,2026-08-13T03:50:47
GLAXO,GlaxoSmithKline Pharmaceuticals Limited,GLAXO.NS,NSI,INR,1.0,2615.0,2026-08-04T03:50:17,2026-08-13T03:50:47
GLENMARK,Glenmark Pharmaceuticals Limited,GLENMARK.NS,NSI,INR,1.0,2180.600098,2026-06-24T14:58:50,2026-08-13T03:50:47
GNA,GNA Axles Limited,GNA.NS,NSI,INR,1.0,419.7000122,2026-06-24T14:58:50,2026-08-13T03:50:47
GNFC,Gujarat Narmada Valley Fertilizers and Chemicals Limited,GNFC.NS,NSI,INR,1.0,558.0,2026-06-24T14:58:50,2026-08-13T03:50:47
GODREJAGRO,Godrej Agrovet Limited,GODREJAGRO.NS,NSI,INR,1.0,565.6500244,2026-06-24T14:47:17,2026-08-13T03:50:47
GODREJIND,Godrej Industries Limited,GODREJIND.NS,NSI,INR,1.0,1152.699951,2026-06-24T15:00:44,2026-08-13T03:50:47
GODREJPROP,Godrej Properties Limited,GODREJPROP.NS,NSI,INR,1.0,2127.199951,2026-08-05T04:22:49,2026-08-13T03:50:47
GOLD1,Gold,GOLD1.NS,NSI,INR,1.0,115.6999969,2026-06-26T04:05:04,2026-08-13T03:50:47
GOLD360,Commodity   Gold,GOLD360.NS,NSI,INR,1.0,140.4499969,2026-06-26T04:05:04,2026-08-13T03:50:47
GOLDADD,DSPGOLDETF,GOLDADD.NS,NSI,INR,1.0,134.5700073,2026-06-26T04:05:04,2026-08-13T03:50:47
GOLDBEES,Nippon India ETF Gold BeES,GOLDBEES.NS,NSI,INR,1.0,117.5599976,2026-06-24T15:31:05,2026-08-13T03:50:47
GOLDBETA,Gold,GOLDBETA.NS,NSI,INR,1.0,116.9000015,2026-06-26T04:05:04,2026-08-13T03:50:47
GOLDBND,Commodity - Gold,GOLDBND.NS,NSI,INR,1.0,141.9900055,2026-06-26T04:05:04,2026-08-13T03:50:47
GOLDCASE,ZerodhaGoldETF,GOLDCASE.NS,NSI,INR,1.0,22.35000038,2026-06-26T04:05:04,2026-08-13T03:50:47
GOLDETF,MiraeAssetGoldETF,GOLDETF.NS,NSI,INR,1.0,138.3399963,2026-06-26T04:05:04,2026-08-13T03:50:47
GOLDIAM,Goldiam International Limited,GOLDIAM.NS,NSI,INR,1.0,464.2999878,2026-06-24T15:00:44,2026-08-13T03:50:47
GOLDIETF,Gold,GOLDIETF.NS,NSI,INR,1.0,118.5500031,2026-06-26T04:05:04,2026-08-13T03:50:47
GOODLUCK,Goodluck India Limited,GOODLUCK.NS,NSI,INR,1.0,1417.800049,2026-06-24T15:00:44,2026-08-13T03:50:47
GPIL,Godawari Power And Ispat limited,GPIL.NS,NSI,INR,1.0,266.25,2026-06-24T14:58:50,2026-08-13T03:50:47
GRANULES,Granules India Limited,GRANULES.NS,NSI,INR,1.0,770.8499756,2026-06-24T14:58:50,2026-08-13T03:50:47
GRAPHITE,Graphite India Limited,GRAPHITE.NS,NSI,INR,1.0,730.8499756,2026-08-13T03:29:12,2026-08-13T03:50:47
GRASIM,Grasim Industries Limited,GRASIM.NS,NSI,INR,1.0,3127.899902,2026-06-24T14:58:50,2026-08-13T03:50:47
GROWWCAPM,Nifty Capital Markets Index,GROWWCAPM.NS,NSI,INR,1.0,11.52000046,2026-06-26T04:05:04,2026-08-13T03:50:47
GROWWCHEM,Nifty Chemicals Index - TRI,GROWWCHEM.NS,NSI,INR,1.0,29.63999939,2026-06-26T04:05:04,2026-08-13T03:50:47
GROWWDEFNC,Nifty India Defence Index- Total Return Inde,GROWWDEFNC.NS,NSI,INR,1.0,94.66999817,2026-06-26T04:05:04,2026-08-13T03:50:47
GROWWEV,Groww Nifty EV & New Age Automotive ETF,GROWWEV.NS,NSI,INR,1.0,30.96999931,2026-06-26T04:05:04,2026-08-13T03:50:47
GROWWGOLD,Commodity,GROWWGOLD.NS,NSI,INR,1.0,13.89999962,2026-06-26T04:05:04,2026-08-13T03:50:47
GROWWHOSPI,BSE Hospitals Index,GROWWHOSPI.NS,NSI,INR,1.0,53.18999863,2026-06-26T04:05:04,2026-08-13T03:50:47
GROWWLIQID,Nifty 1D Rate Index,GROWWLIQID.NS,NSI,INR,1.0,109.6100006,2026-06-26T04:05:04,2026-08-13T03:50:47
GROWWLOVOL,Nifty 500 Low Volatility 50 Index   TRI,GROWWLOVOL.NS,NSI,INR,1.0,10.22000027,2026-06-26T04:05:04,2026-08-13T03:50:47
GROWWMC150,Nifty Midcap 150 Index - TRI,GROWWMC150.NS,NSI,INR,1.0,228.3099976,2026-06-26T04:05:04,2026-08-13T03:50:47
GROWWMETAL,Nifty Metal Index,GROWWMETAL.NS,NSI,INR,1.0,12.02999973,2026-06-26T04:05:04,2026-08-13T03:50:47
GROWWMOM50,Nifty 500 Momentum 50 Index- Total Return Index,GROWWMOM50.NS,NSI,INR,1.0,10.84000015,2026-06-26T04:05:04,2026-08-13T03:50:47
GROWWN200,Nifty 200 Index- Total Return Index,GROWWN200.NS,NSI,INR,1.0,11.30000019,2026-06-26T04:05:04,2026-08-13T03:50:47
GROWWNET,Index,GROWWNET.NS,NSI,INR,1.0,9.229999542,2026-06-26T04:05:04,2026-08-13T03:50:47
GROWWNIFTY,Nifty 50 Index  - TRI,GROWWNIFTY.NS,NSI,INR,1.0,9.68999958,2026-06-26T04:05:04,2026-08-13T03:50:47
GROWWNXT50,Index,GROWWNXT50.NS,NSI,INR,1.0,72.13999939,2026-06-26T04:05:04,2026-08-13T03:50:47
GROWWPOWER,BSE Power Index - TRI,GROWWPOWER.NS,NSI,INR,1.0,12.15999985,2026-06-26T04:05:04,2026-08-13T03:50:47
GROWWPSE,Nifty PSE Index – TRI,GROWWPSE.NS,NSI,INR,1.0,100.8000031,2026-06-26T04:05:04,2026-08-13T03:50:47
GROWWPSUBK,Nifty PSU Bank Index - TRI,GROWWPSUBK.NS,NSI,INR,1.0,86.41000366,2026-06-26T04:05:04,2026-08-13T03:50:47
GROWWRAIL,Nifty India Railways PSU Index,GROWWRAIL.NS,NSI,INR,1.0,29.59000015,2026-06-26T04:05:04,2026-08-13T03:50:47
GROWWRLTY,Index,GROWWRLTY.NS,NSI,INR,1.0,9.180000305,2026-06-26T04:05:04,2026-08-13T03:50:47
GROWWSC250,Nifty Smallcap 250 Index - TRI,GROWWSC250.NS,NSI,INR,1.0,10.27000046,2026-06-26T04:05:04,2026-08-13T03:50:47
GROWWSLVR,Commodity-Silver,GROWWSLVR.NS,NSI,INR,1.0,21.84000015,2026-06-26T04:05:04,2026-08-13T03:50:47
GRSE,Garden Reach Shipbuilders & Engineers Limited,GRSE.NS,NSI,INR,1.0,2782.699951,2026-06-24T14:59:50,2026-08-13T03:50:47
GRWRHITECH,Garware Hi-Tech Films Limited,GRWRHITECH.NS,NSI,INR,1.0,6669.0,2026-06-24T14:58:50,2026-08-13T03:50:47
GSEC10ABSL,CRISIL 10 Year Gilt ETF,GSEC10ABSL.NS,NSI,INR,1.0,111.5999985,2026-06-26T04:05:04,2026-08-13T03:50:47
GSEC10IETF,ICICIPrudentialNifty10yrBenchmarkG-SecETF,GSEC10IETF.NS,NSI,INR,1.0,261.519989,2026-06-26T04:05:04,2026-08-13T03:50:47
GSEC10YEAR,MiraeAssetNifty8-13YrG-SecETF,GSEC10YEAR.NS,NSI,INR,1.0,30.29000092,2026-06-26T04:05:04,2026-08-13T03:50:47
GSEC5IETF,Nifty5yrBenchmarkG-SecIndex,GSEC5IETF.NS,NSI,INR,1.0,65.55000305,2026-06-26T04:05:04,2026-08-13T03:50:47
GVT&D,GE Vernova T&D India Limited,GVT&D.NS,NSI,INR,1.0,5052.5,2026-06-24T14:59:50,2026-08-13T03:50:47
HAL,Hindustan Aeronautics Limited,HAL.NS,NSI,INR,1.0,4388.5,2026-07-01T03:59:52,2026-08-13T03:50:47
HAPPYFORGE,Happy Forgings Limited,HAPPYFORGE.NS,NSI,INR,1.0,1528.800049,2026-06-24T15:00:44,2026-08-13T03:50:47
HARSHA,Harsha Engineers International Limited,HARSHA.NS,NSI,INR,1.0,429.2000122,2026-06-24T14:59:50,2026-08-13T03:50:47
HBLENGINE,HBL Engineering Limited,HBLENGINE.NS,NSI,INR,1.0,823.0999756,2026-06-24T15:00:44,2026-08-13T03:50:47
HDFCAMC,HDFC Asset Management Company Limited,HDFCAMC.NS,NSI,INR,1.0,2625.100098,2026-06-24T14:59:50,2026-08-13T03:50:47
HDFCBSE500,HDFCS&PBSE500ETF,HDFCBSE500.NS,NSI,INR,1.0,37.18999863,2026-06-26T04:05:04,2026-08-13T03:50:47
HDFCGOLD,Gold,HDFCGOLD.NS,NSI,INR,1.0,118.5500031,2026-06-26T04:05:04,2026-08-13T03:50:47
HDFCGROWTH,HDFCNIFTYGrowthSectors15ETF,HDFCGROWTH.NS,NSI,INR,1.0,111.9100037,2026-06-26T04:05:04,2026-08-13T03:50:47
HDFCLIQUID,HDFCNifty1DRateLiquidETF,HDFCLIQUID.NS,NSI,INR,1.0,1066.280029,2026-06-26T04:05:04,2026-08-13T03:50:47
HDFCLOWVOL,HDFCNIFTY100LowVolatility30ETF,HDFCLOWVOL.NS,NSI,INR,1.0,20.22999954,2026-06-26T04:05:04,2026-08-13T03:50:47
HDFCMID150,HDFCNIFTYMidcap150ETF,HDFCMID150.NS,NSI,INR,1.0,23.10000038,2026-06-26T04:05:04,2026-08-13T03:50:47
HDFCMOMENT,HDFCNIFTY200Momentum30ETF,HDFCMOMENT.NS,NSI,INR,1.0,31.39999962,2026-06-26T04:05:04,2026-08-13T03:50:47
HDFCNEXT50,HDFCNIFTYNEXT50ETF,HDFCNEXT50.NS,NSI,INR,1.0,73.40000153,2026-06-26T04:05:04,2026-08-13T03:50:47
HDFCNIF100,HDFCNIFTY100ETF,HDFCNIF100.NS,NSI,INR,1.0,25.87000084,2026-06-26T04:05:04,2026-08-13T03:50:47
HDFCNIFBAN,NIFTYBankIndex,HDFCNIFBAN.NS,NSI,INR,1.0,59.81000137,2026-06-26T04:05:04,2026-08-13T03:50:47
HDFCNIFIT,HDFCNIFTYITETF,HDFCNIFIT.NS,NSI,INR,1.0,29.45000076,2026-06-26T04:05:04,2026-08-13T03:50:47
HDFCNIFTY,Nifty50,HDFCNIFTY.NS,NSI,INR,1.0,270.4599915,2026-06-26T04:05:04,2026-08-13T03:50:47
HDFCPSUBK,HDFCNIFTYPSUBANKETF,HDFCPSUBK.NS,NSI,INR,1.0,87.48999786,2026-06-26T04:05:04,2026-08-13T03:50:47
HDFCPVTBAN,HDFCNIFTYPrivateBankETF,HDFCPVTBAN.NS,NSI,INR,1.0,28.85000038,2026-06-26T04:05:04,2026-08-13T03:50:47
HDFCQUAL,HDFCNIFTY100Quality30ETF,HDFCQUAL.NS,NSI,INR,1.0,56.40999985,2026-06-26T04:05:04,2026-08-13T03:50:47
HDFCSENSEX,SENSEX,HDFCSENSEX.NS,NSI,INR,1.0,87.20999908,2026-06-26T04:05:04,2026-08-13T03:50:47
HDFCSILVER,HDFCSilverETF,HDFCSILVER.NS,NSI,INR,1.0,213.2100067,2026-06-26T04:05:04,2026-08-13T03:50:47
HDFCSML250,HDFCNIFTYSmallcap250ETF,HDFCSML250.NS,NSI,INR,1.0,179.0800018,2026-06-26T04:05:04,2026-08-13T03:50:47
HDFCVALUE,HDFCNIFTY50Value20ETF,HDFCVALUE.NS,NSI,INR,1.0,126.9000015,2026-06-26T04:05:04,2026-08-13T03:50:47
HEALTHADD,DSPNiftyHealthcareETF,HEALTHADD.NS,NSI,INR,1.0,161.1900024,2026-06-26T04:05:04,2026-08-13T03:50:47
HEALTHCARE,Nifty 500 Healthcare Index,HEALTHCARE.NS,NSI,INR,1.0,20.62999916,2026-06-26T04:05:04,2026-08-13T03:50:47
HEALTHIETF,NiftyHealthcareIndex,HEALTHIETF.NS,NSI,INR,1.0,163.6799927,2026-06-26T04:05:04,2026-08-13T03:50:47
HEALTHY,NiftyHealthcareTRIIndex,HEALTHY.NS,NSI,INR,1.0,16.37000084,2026-06-26T04:05:04,2026-08-13T03:50:47
HEG,HEG Limited,HEG.NS,NSI,INR,1.0,674.3499756,2026-08-13T03:28:45,2026-08-13T03:50:47
HFCL,HFCL Limited,HFCL.NS,NSI,INR,1.0,204.7700043,2026-06-24T15:00:44,2026-08-13T03:50:47
HINDALCO,Hindalco Industries Limited,HINDALCO.NS,NSI,INR,1.0,976.5999756,2026-06-24T14:47:17,2026-08-13T03:50:47
HINDCOPPER,Hindustan Copper Limited,HINDCOPPER.NS,NSI,INR,1.0,502.25,2026-06-24T14:58:50,2026-08-13T03:50:47
HINDZINC,Hindustan Zinc Limited,HINDZINC.NS,NSI,INR,1.0,541.9500122,2026-06-24T14:58:50,2026-08-13T03:50:47
HNGSNGBEES,Nippon India ETF Hang Seng BeES,HNGSNGBEES.NS,NSI,INR,7.0,471.4200134,2026-06-24T15:31:05,2026-08-13T03:50:47
HOMEFIRST,Home First Finance Company India Limited,HOMEFIRST.NS,NSI,INR,1.0,1163.5,2026-06-24T15:00:44,2026-08-13T03:50:47
HONASA,Honasa Consumer Limited,HONASA.NS,NSI,INR,1.0,461.4500122,2026-07-01T04:01:11,2026-08-13T03:50:47
HONAUT,Honeywell Automation India Limited,HONAUT.NS,NSI,INR,1.0,40175.0,2026-07-01T04:00:50,2026-08-13T03:50:47
HSBCGOLD,Commodity,HSBCGOLD.NS,NSI,INR,1.0,122.1299973,2026-06-26T04:05:04,2026-08-13T03:50:47
HSCL,Himadri Speciality Chemical Limited,HSCL.NS,NSI,INR,1.0,663.0,2026-06-24T15:00:44,2026-08-13T03:50:47
HUDCO,Housing & Urban Development Corporation Limited,HUDCO.NS,NSI,INR,1.0,207.9799957,2026-06-24T15:00:44,2026-08-13T03:50:47
ICICIB22,S&PBSEBHARAT22index,ICICIB22.NS,NSI,INR,1.0,120.1200027,2026-06-26T04:05:04,2026-08-13T03:50:47
ICIL,Indo Count Industries Limited,ICIL.NS,NSI,INR,1.0,442.0,2026-07-01T04:01:32,2026-08-13T03:50:47
IDEA,Vodafone Idea Limited,IDEA.NS,NSI,INR,1.0,14.31000042,2026-06-24T15:00:44,2026-08-13T03:50:47
IDFCFIRSTB,IDFC First Bank Limited,IDFCFIRSTB.NS,NSI,INR,1.0,85.75,2026-07-28T16:24:26,2026-08-13T03:50:47
IDFNIFTYET,NIFTY50,IDFNIFTYET.NS,NSI,INR,1.0,264.3399963,2026-06-26T04:05:04,2026-08-13T03:50:47
IFCI,IFCI Limited,IFCI.NS,NSI,INR,1.0,79.73999786,2026-06-24T15:00:44,2026-08-13T03:50:47
IIFL,IIFL Finance Limited,IIFL.NS,NSI,INR,1.0,613.0499878,2026-08-04T03:50:17,2026-08-13T03:50:47
IIFLCAPS,IIFL Capital Services Limited,IIFLCAPS.NS,NSI,INR,1.0,339.6000061,2026-06-24T15:00:44,2026-08-13T03:50:47
INDIANB,Indian Bank,INDIANB.NS,NSI,INR,1.0,843.6500244,2026-06-24T14:59:50,2026-08-13T03:50:47
INDOTECH,Indo Tech Transformers Limited,INDOTECH.NS,NSI,INR,1.0,3219.899902,2026-07-01T03:59:52,2026-08-13T03:50:47
INDSWFTLAB,Ind-Swift Laboratories Limited,INDSWFTLAB.NS,NSI,INR,1.0,193.8300018,2026-06-24T14:58:50,2026-08-13T03:50:47
INDUSINDBK,IndusInd Bank Limited,INDUSINDBK.NS,NSI,INR,1.0,927.5999756,2026-06-24T14:58:50,2026-08-13T03:50:47
INFRA,Nifty India Infrastructure & Logistics,INFRA.NS,NSI,INR,1.0,12.32999992,2026-06-26T04:05:04,2026-08-13T03:50:47
INFRABEES,Nippon India ETF Infra BeES,INFRABEES.NS,NSI,INR,1.0,979.2600098,2026-06-26T04:05:04,2026-08-13T03:50:47
INFRAIETF,ICICIPrudentialNiftyInfrastructureETF,INFRAIETF.NS,NSI,INR,1.0,97.36000061,2026-06-26T04:05:04,2026-08-13T03:50:47
INOXINDIA,INOX India Limited,INOXINDIA.NS,NSI,INR,1.0,1988.300049,2026-06-24T14:47:17,2026-08-13T03:50:47
INTERNET,Equity Index,INTERNET.NS,NSI,INR,1.0,12.47999954,2026-06-26T04:05:04,2026-08-13T03:50:47
IOB,Indian Overseas Bank,IOB.NS,NSI,INR,1.0,33.84000015,2026-07-28T16:24:26,2026-08-13T03:50:47
IPCALAB,IPCA Laboratories Limited,IPCALAB.NS,NSI,INR,1.0,1621.199951,2026-06-24T14:58:50,2026-08-13T03:50:47
IT,NIFTYITIndex,IT.NS,NSI,INR,1.0,30.52000046,2026-06-26T04:05:04,2026-08-13T03:50:47
ITADD,DSPNiftyITETF,ITADD.NS,NSI,INR,1.0,29.04999924,2026-06-26T04:05:04,2026-08-13T03:50:47
ITBEES,Nippon India ETF IT BeES,ITBEES.NS,NSI,INR,1.0,30.61000061,2026-06-26T04:05:04,2026-08-13T03:50:47
ITBETA,UTINiftyITETF,ITBETA.NS,NSI,INR,1.0,289.8800049,2026-06-26T04:05:04,2026-08-13T03:50:47
ITETF,MiraeAssetNiftyITETF,ITETF.NS,NSI,INR,1.0,29.07999992,2026-06-26T04:05:04,2026-08-13T03:50:47
ITIETF,NIFTYITIndex,ITIETF.NS,NSI,INR,1.0,30.37000084,2026-06-26T04:05:04,2026-08-13T03:50:47
IVZINGOLD,Gold,IVZINGOLD.NS,NSI,INR,1.0,123.1999969,2026-06-26T04:05:04,2026-08-13T03:50:47
IVZINNIFTY,Nifty50,IVZINNIFTY.NS,NSI,INR,1.0,2750.870117,2026-06-26T04:05:04,2026-08-13T03:50:47
J&KBANK,The Jammu & Kashmir Bank Limited,J&KBANK.NS,NSI,INR,1.0,159.5500031,2026-06-24T14:59:50,2026-08-13T03:50:47
JAIBALAJI,Jai Balaji Industries Limited,JAIBALAJI.NS,NSI,INR,1.0,70.09999847,2026-06-24T15:09:19,2026-08-13T03:50:47
JAMNAAUTO,Jamna Auto Industries Limited,JAMNAAUTO.NS,NSI,INR,1.0,132.4299927,2026-06-24T14:58:50,2026-08-13T03:50:47
JAYBARMARU,Jay Bharat Maruti Limited,JAYBARMARU.NS,NSI,INR,1.0,159.8300018,2026-06-24T14:58:50,2026-08-13T03:50:47
JAYNECOIND,Jayaswal Neco Industries Limited,JAYNECOIND.NS,NSI,INR,1.0,86.23999786,2026-06-24T14:47:17,2026-08-13T03:50:47
JBMA,JBM Auto Limited,JBMA.NS,NSI,INR,1.0,704.5,2026-06-24T15:00:44,2026-08-13T03:50:47
JINDALSAW,Jindal Saw Limited,JINDALSAW.NS,NSI,INR,1.0,258.0799866,2026-06-24T15:00:44,2026-08-13T03:50:47
JINDALSTEL,Jindal Steel & Power Limited,JINDALSTEL.NS,NSI,INR,1.0,1089.699951,2026-06-24T14:59:50,2026-08-13T03:50:47
JPPOWER,Jaiprakash Power Ventures Limited,JPPOWER.NS,NSI,INR,1.0,17.97999954,2026-06-24T14:58:50,2026-08-13T03:50:47
JSL,Jindal Stainless Limited,JSL.NS,NSI,INR,1.0,695.0,2026-06-24T14:59:50,2026-08-13T03:50:47
JSWENERGY,JSW Energy Limited,JSWENERGY.NS,NSI,INR,1.0,574.4000244,2026-06-24T15:00:44,2026-08-13T03:50:47
JSWINFRA,JSW Infrastructure Limited,JSWINFRA.NS,NSI,INR,1.0,,2026-08-17T03:34:29,2026-08-17T03:34:29
JSWSTEEL,JSW Steel Limited,JSWSTEEL.NS,NSI,INR,1.0,1231.199951,2026-06-24T14:47:17,2026-08-13T03:50:47
JUBLINGREA,Jubilant Ingrevia Limited,JUBLINGREA.NS,NSI,INR,1.0,631.9000244,2026-06-24T14:58:50,2026-08-13T03:50:47
JUNIORBEES,Nippon India ETF Junior BeES,JUNIORBEES.NS,NSI,INR,1.0,778.4000244,2026-06-26T04:05:04,2026-08-13T03:50:47
KAJARIACER,Kajaria Ceramics Limited,KAJARIACER.NS,NSI,INR,1.0,1207.699951,2026-06-24T14:58:50,2026-08-13T03:50:47
KALYANKJIL,Kalyan Jewellers India Limited,KALYANKJIL.NS,NSI,INR,1.0,593.5999756,2026-08-12T04:37:46,2026-08-13T03:50:47
KANORICHEM,Kanoria Chemicals & Industries Limited,KANORICHEM.NS,NSI,INR,1.0,133.0,2026-07-01T04:02:21,2026-08-13T03:50:47
KANSAINER,Kansai Nerolac Paints Limited,KANSAINER.NS,NSI,INR,1.0,,2026-08-17T03:35:05,2026-08-17T03:35:05
KAPSTON,Kapston Services Limited,KAPSTON.NS,NSI,INR,49.0,438.15,2026-06-24T14:47:17,2026-08-13T03:50:47
KARURVYSYA,Karur Vysya Bank Limited,KARURVYSYA.NS,NSI,INR,1.0,294.9500122,2026-06-24T15:00:44,2026-08-13T03:50:47
KEI,KEI Industries Limited,KEI.NS,NSI,INR,1.0,5419.0,2026-06-24T14:58:50,2026-08-13T03:50:47
KIMS,Krishna Institute of Medical Sciences Limited,KIMS.NS,NSI,INR,1.0,797.2000122,2026-06-24T14:47:17,2026-08-13T03:50:47
KINGFA,Kingfa Science & Technology (India) Limited,KINGFA.NS,NSI,INR,1.0,5059.5,2026-06-24T14:47:17,2026-08-13T03:50:47
KIRLOSENG,Kirloskar Oil Engines Limited,KIRLOSENG.NS,NSI,INR,1.0,2563.600098,2026-06-24T15:00:44,2026-08-13T03:50:47
KIRLPNU,Kirloskar Pneumatic Company Limited,KIRLPNU.NS,NSI,INR,1.0,2000.0,2026-07-01T03:59:52,2026-08-13T03:50:47
KPIL,Kalpataru Projects International Limited,KPIL.NS,NSI,INR,1.0,1398.199951,2026-06-24T15:00:44,2026-08-13T03:50:47
KPRMILL,K.P.R. Mill Limited,KPRMILL.NS,NSI,INR,1.0,1218.449951,2026-06-24T15:00:44,2026-08-13T03:50:47
KRBL,KRBL Limited,KRBL.NS,NSI,INR,1.0,393.9500122,2026-06-24T14:58:50,2026-08-13T03:50:47
KTKBANK,The Karnataka Bank Limited,KTKBANK.NS,NSI,INR,1.0,265.1499939,2026-06-24T15:00:44,2026-08-13T03:50:47
LALPATHLAB,Dr. Lal Path Labs Ltd.,LALPATHLAB.NS,NSI,INR,1.0,,2026-08-17T03:34:29,2026-08-17T03:34:29
LATENTVIEW,Latent View Analytics Limited,LATENTVIEW.NS,NSI,INR,1.0,296.6499939,2026-06-24T14:47:17,2026-08-13T03:50:47
LAURUSLABS,Laurus Labs Limited,LAURUSLABS.NS,NSI,INR,1.0,1502.2,2026-06-24T14:59:50,2026-08-13T03:50:47
LICHSGFIN,LIC Housing Finance Limited,LICHSGFIN.NS,NSI,INR,1.0,550.5499878,2026-06-24T15:00:44,2026-08-13T03:50:47
LICMFGOLD,Gold,LICMFGOLD.NS,NSI,INR,1.0,127.9499969,2026-06-26T04:05:04,2026-08-13T03:50:47
LICNETFGSC,GSEC10NSEIndex,LICNETFGSC.NS,NSI,INR,1.0,29.14999962,2026-06-26T04:05:04,2026-08-13T03:50:47
LICNETFN50,Nifty50,LICNETFN50.NS,NSI,INR,1.0,268.0700073,2026-06-26T04:05:04,2026-08-13T03:50:47
LICNETFSEN,SENSEX,LICNETFSEN.NS,NSI,INR,1.0,865.1400146,2026-06-26T04:05:04,2026-08-13T03:50:47
LICNFNHGP,Nifty100,LICNFNHGP.NS,NSI,INR,1.0,275.480011,2026-06-26T04:05:04,2026-08-13T03:50:47
LICNMID100,LICMFNiftyMidcap100ETF,LICNMID100.NS,NSI,INR,1.0,62.11999893,2026-06-26T04:05:04,2026-08-13T03:50:47
LIQGRWBEES,Liquid,LIQGRWBEES.NS,NSI,INR,1.0,1045.280029,2026-06-26T04:05:04,2026-08-13T03:50:47
LIQUID,MiraeAssetNifty1DRateLiquidETF,LIQUID.NS,NSI,INR,1.0,999.9899902,2026-06-26T04:05:04,2026-08-13T03:50:47
LIQUID1,KotakNifty1DRateLiquidETF,LIQUID1.NS,NSI,INR,1.0,1110.949951,2026-06-26T04:05:04,2026-08-13T03:50:47
LIQUIDADD,DSPS&PBSELiquidRateETF,LIQUIDADD.NS,NSI,INR,1.0,1132.48999,2026-06-26T04:05:04,2026-08-13T03:50:47
LIQUIDBEES,Nippon India ETF Liquid BeES,LIQUIDBEES.NS,NSI,INR,1.0,999.9899902,2026-06-26T04:05:04,2026-08-13T03:50:47
LIQUIDBETF,BajajFinservNifty1DRateLiquidETF,LIQUIDBETF.NS,NSI,INR,1.0,1087.189941,2026-06-26T04:05:04,2026-08-13T03:50:47
LIQUIDCASE,ZerodhaNifty1DRateLiquidETF,LIQUIDCASE.NS,NSI,INR,1.0,114.6800003,2026-06-26T04:05:04,2026-08-13T03:50:47
LIQUIDETF,Nifty1Drateindex,LIQUIDETF.NS,NSI,INR,1.0,1000.0,2026-06-26T04:05:04,2026-08-13T03:50:47
LIQUIDIETF,S&PBSELiquidRateIndex.,LIQUIDIETF.NS,NSI,INR,1.0,999.9899902,2026-06-26T04:05:04,2026-08-13T03:50:47
LIQUIDPLUS,Nifty 1D Rate Index,LIQUIDPLUS.NS,NSI,INR,1.0,1091.23999,2026-06-26T04:05:04,2026-08-13T03:50:47
LIQUIDSBI,SBINIFTY1DRateETF,LIQUIDSBI.NS,NSI,INR,1.0,1000.01001,2026-06-26T04:05:04,2026-08-13T03:50:47
LIQUIDSHRI,SHRIRAM NIFTY 1D RATE LIQUID ETF,LIQUIDSHRI.NS,NSI,INR,1.0,1109.98999,2026-06-26T04:05:04,2026-08-13T03:50:47
LODHA,Macrotech Developers Limited,LODHA.NS,NSI,INR,1.0,1254.199951,2026-08-05T04:22:49,2026-08-13T03:50:47
LOWVOL,MiraeAssetNifty100LowVolatility30ETF,LOWVOL.NS,NSI,INR,1.0,203.0299988,2026-06-26T04:05:04,2026-08-13T03:50:47
LOWVOL1,KotakNifty100LowVol30ETF,LOWVOL1.NS,NSI,INR,1.0,20.70999908,2026-06-26T04:05:04,2026-08-13T03:50:47
LOWVOLIETF,Nifty100LowVolatility30Index,LOWVOLIETF.NS,NSI,INR,1.0,21.79000092,2026-06-26T04:05:04,2026-08-13T03:50:47
LTF,L&T Finance Limited,LTF.NS,NSI,INR,1.0,296.5499878,2026-06-24T14:59:50,2026-08-13T03:50:47
LTFOODS,LT Foods Limited,LTFOODS.NS,NSI,INR,1.0,387.2999878,2026-06-24T15:00:44,2026-08-13T03:50:47
LTGILTBEES,S&PBSEMidcapSelectIndex,LTGILTBEES.NS,NSI,INR,1.0,29.79000092,2026-06-26T04:05:04,2026-08-13T03:50:47
LTGILTCASE,Nifty 8-13 Yr G-Sec Index,LTGILTCASE.NS,NSI,INR,1.0,30.34000015,2026-06-26T04:05:04,2026-08-13T03:50:47
LTM,LTM Limited,LTM.NS,NSI,INR,1.0,3834.899902,2026-07-08T04:05:59,2026-08-13T03:50:47
LUMAXIND,Lumax Industries Limited,LUMAXIND.NS,NSI,INR,1.0,5117.0,2026-06-24T14:59:50,2026-08-13T03:50:47
LUMAXTECH,Lumax Auto Technologies Limited,LUMAXTECH.NS,NSI,INR,1.0,1504.599976,2026-06-24T14:59:50,2026-08-13T03:50:47
LUPIN,Lupin Limited,LUPIN.NS,NSI,INR,1.0,2367.600098,2026-06-24T14:58:50,2026-08-13T03:50:47
M&MFIN,Mahindra & Mahindra Financial Services Limited,M&MFIN.NS,NSI,INR,1.0,396.5,2026-08-04T03:49:39,2026-08-13T03:50:47
MACPOWER,Macpower CNC Machines Limited,MACPOWER.NS,NSI,INR,1.0,1169.300049,2026-06-24T14:58:50,2026-08-13T03:50:47
MAFANG,Mirae Asset NYSE FANG+ ETF,MAFANG.NS,NSI,INR,1.0,190.8999939,2026-06-24T15:31:05,2026-08-13T03:50:47
MAHABANK,Bank of Maharashtra,MAHABANK.NS,NSI,INR,1.0,88.52999878,2026-06-24T15:00:44,2026-08-13T03:50:47
MAHICKRA,Mahickra Chemicals Limited,MAHICKRA-SM.NS,NSI,INR,1.0,255.0,2026-07-01T04:12:44,2026-08-13T03:50:47
MAHKTECH,Mirae Asset Hang Seng TECH ETF,MAHKTECH.NS,NSI,INR,1.0,22.12000084,2026-06-24T15:31:05,2026-08-13T03:50:47
MAHSEAMLES,Maharashtra Seamless Limited,MAHSEAMLES.NS,NSI,INR,1.0,648.7999878,2026-06-24T14:47:17,2026-08-13T03:50:47
MAKEINDIA,NiftyIndiaManufacturingTotalReturnIndex,MAKEINDIA.NS,NSI,INR,1.0,161.9499969,2026-06-26T04:05:04,2026-08-13T03:50:47
MANAPPURAM,Manappuram Finance Limited,MANAPPURAM.NS,NSI,INR,1.0,318.3500061,2026-06-24T15:00:44,2026-08-13T03:50:47
MANKIND,Mankind Pharma Limited,MANKIND.NS,NSI,INR,1.0,2483.0,2026-06-24T14:58:50,2026-08-13T03:50:47
MANORAMA,Manorama Industries Limited,MANORAMA.NS,NSI,INR,1.0,1585.400024,2026-06-24T15:00:44,2026-08-13T03:50:47
MANUFGBEES,Nifty India Manufacturing TRI,MANUFGBEES.NS,NSI,INR,1.0,159.5099945,2026-06-26T04:05:04,2026-08-13T03:50:47
MANYAVAR,Vedant Fashions Limited,MANYAVAR.NS,NSI,INR,1.0,,2026-08-17T03:35:56,2026-08-17T03:35:56
MARICO,Marico Limited,MARICO.NS,NSI,INR,1.0,819.4500122,2026-06-24T14:58:50,2026-08-13T03:50:47
MARKSANS,Marksans Pharma Limited,MARKSANS.NS,NSI,INR,1.0,271.4500122,2026-07-01T04:01:32,2026-08-13T03:50:47
MASFIN,MAS Financial Services Limited,MASFIN.NS,NSI,INR,1.0,314.2999878,2026-06-24T14:58:50,2026-08-13T03:50:47
MASPTOP50,Mirae Asset S&P 500 Top 50 ETF,MASPTOP50.NS,NSI,INR,1.0,77.80000305,2026-06-24T15:31:05,2026-08-13T03:50:47
MAXHEALTH,Max Healthcare Institute Limited,MAXHEALTH.NS,NSI,INR,1.0,,2026-08-17T03:34:29,2026-08-17T03:34:29
MAYURUNIQ,Mayur Uniquoters Ltd,MAYURUNIQ.NS,NSI,INR,1.0,803.5499878,2026-06-24T14:47:17,2026-08-13T03:50:47
MAZDOCK,Mazagon Dock Shipbuilders Limited,MAZDOCK.NS,NSI,INR,1.0,2493.0,2026-06-24T15:00:44,2026-08-13T03:50:47
MEDANTA,Global Health Limited,MEDANTA.NS,NSI,INR,1.0,1318.400024,2026-06-24T14:47:17,2026-08-13T03:50:47
METAL,Nifty Metal Total Return Index,METAL.NS,NSI,INR,1.0,12.68000031,2026-06-26T04:05:04,2026-08-13T03:50:47
METALIETF,Nifty Metal Index,METALIETF.NS,NSI,INR,1.0,12.67000008,2026-06-26T04:05:04,2026-08-13T03:50:47
MGL,Mahanagar Gas Limited,MGL.NS,NSI,INR,1.0,1134.300049,2026-08-13T03:29:24,2026-08-13T03:50:47
MID150,Nifty Midcap 150 Index,MID150.NS,NSI,INR,1.0,23.13999939,2026-06-26T04:05:04,2026-08-13T03:50:47
MID150BEES,Nippon India ETF Nifty Midcap 150,MID150BEES.NS,NSI,INR,1.0,234.9499969,2026-06-26T04:05:04,2026-08-13T03:50:47
MID150CASE,ZerodhaNiftyMidcap150ETF,MID150CASE.NS,NSI,INR,1.0,11.44999981,2026-06-26T04:05:04,2026-08-13T03:50:47
MIDCAP,NiftyMidcap50Index,MIDCAP.NS,NSI,INR,1.0,18.03000069,2026-06-26T04:05:04,2026-08-13T03:50:47
MIDCAPADD,Nifty Midcap 150 Index,MIDCAPADD.NS,NSI,INR,1.0,22.92000008,2026-06-26T04:05:04,2026-08-13T03:50:47
MIDCAPBETA,UTINiftyMidcap150ExchangeTradedFund(ETF),MIDCAPBETA.NS,NSI,INR,1.0,229.3600006,2026-06-26T04:05:04,2026-08-13T03:50:47
MIDCAPETF,MiraeAssetMutualFund-MiraeAssetNiftyMidcap150ETF,MIDCAPETF.NS,NSI,INR,1.0,23.26000023,2026-06-26T04:05:04,2026-08-13T03:50:47
MIDCAPIETF,NiftyMidcap150,MIDCAPIETF.NS,NSI,INR,1.0,23.53000069,2026-06-26T04:05:04,2026-08-13T03:50:47
MIDQ50ADD,NiftyMidcap150Quality50Index,MIDQ50ADD.NS,NSI,INR,1.0,250.1199951,2026-06-26T04:05:04,2026-08-13T03:50:47
MIDSELIETF,NiftyGS813Yr,MIDSELIETF.NS,NSI,INR,1.0,18.95000076,2026-06-26T04:05:04,2026-08-13T03:50:47
MIDSMALL,MiraeAssetNiftyMidSmallcap400MomentumQuality100ETF,MIDSMALL.NS,NSI,INR,1.0,51.09000015,2026-06-26T04:05:04,2026-08-13T03:50:47
MINDACORP,Minda Corporation Limited,MINDACORP.NS,NSI,INR,1.0,,2026-08-17T03:34:29,2026-08-17T03:34:29
MMFL,MM Forgings Limited,MMFL.NS,NSI,INR,1.0,450.5,2026-06-24T14:58:50,2026-08-13T03:50:47
MMTC,MMTC Limited,MMTC.NS,NSI,INR,1.0,72.08000183,2026-06-24T15:00:44,2026-08-13T03:50:47
MNC,KotakNiftyMNCETF,MNC.NS,NSI,INR,1.0,33.13000107,2026-06-26T04:05:04,2026-08-13T03:50:47
MOALPHA50,Nifty Alpha 50 Total Return Index,MOALPHA50.NS,NSI,INR,1.0,53.31000137,2026-06-26T04:05:04,2026-08-13T03:50:47
MOBANK10,BSE Top 10 Banks Total Return Index,MOBANK10.NS,NSI,INR,1.0,17.35000038,2026-06-26T04:05:04,2026-08-13T03:50:47
MOCAPITAL,Nifty Capital Market Total Return Index,MOCAPITAL.NS,NSI,INR,1.0,54.81999969,2026-06-26T04:05:04,2026-08-13T03:50:47
MODEFENCE,Nifty India Defence Total Return Index,MODEFENCE.NS,NSI,INR,1.0,104.0299988,2026-06-26T04:05:04,2026-08-13T03:50:47
MOENERGY,Nifty Energy Index,MOENERGY.NS,NSI,INR,1.0,39.95999908,2026-06-26T04:05:04,2026-08-13T03:50:47
MOGOLD,Domestic Price of Physical Gold,MOGOLD.NS,NSI,INR,1.0,137.6999969,2026-06-26T04:05:04,2026-08-13T03:50:47
MOGSEC,Nifty5yrBenchmarkG-SecIndex,MOGSEC.NS,NSI,INR,1.0,64.5,2026-06-26T04:05:04,2026-08-13T03:50:47
MOHEALTH,MotilalOswalS&PBSEHealthcareETF,MOHEALTH.NS,NSI,INR,1.0,48.86000061,2026-06-26T04:05:04,2026-08-13T03:50:47
MOINFRA,BSE India Infrastructure Total Return Index,MOINFRA.NS,NSI,INR,1.0,63.00999832,2026-06-26T04:05:04,2026-08-13T03:50:47
MOIPO,BSE Select IPO Total Return Index,MOIPO.NS,NSI,INR,1.0,44.84000015,2026-06-26T04:05:04,2026-08-13T03:50:47
MOLOWVOL,NiftyMidcap100TRI,MOLOWVOL.NS,NSI,INR,1.0,36.59999847,2026-06-26T04:05:04,2026-08-13T03:50:47
MOM100,NiftyMidcap100Index,MOM100.NS,NSI,INR,1.0,67.06999969,2026-06-26T04:05:04,2026-08-13T03:50:47
MOM30IETF,ICICIPrudentialNifty200Momentum30ETF,MOM30IETF.NS,NSI,INR,1.0,31.73999977,2026-06-26T04:05:04,2026-08-13T03:50:47
MOM50,Nifty50Index,MOM50.NS,NSI,INR,1.0,250.5599976,2026-06-26T04:05:04,2026-08-13T03:50:47
MOMENTUM,AdityaBirlaSunLifeNifty200Momentum30ETF,MOMENTUM.NS,NSI,INR,1.0,31.51000023,2026-06-26T04:05:04,2026-08-13T03:50:47
MOMENTUM30,Nifty 200 Momentum 30 Index,MOMENTUM30.NS,NSI,INR,1.0,31.19000053,2026-06-26T04:05:04,2026-08-13T03:50:47
MOMENTUM50,Nifty 500 Momentum 50 Total Return Index,MOMENTUM50.NS,NSI,INR,1.0,53.68000031,2026-06-26T04:05:04,2026-08-13T03:50:47
MOMGF,Nifty India Manufacturing Total Return Index,MOMGF.NS,NSI,INR,1.0,159.3200073,2026-06-26T04:05:04,2026-08-13T03:50:47
MOMIDMTM,Nifty Midcap 150 Momentum 50 Total Return Index,MOMIDMTM.NS,NSI,INR,1.0,64.84999847,2026-06-26T04:05:04,2026-08-13T03:50:47
MOMNC,Nifty MNC ETF Total Return Index,MOMNC.NS,NSI,INR,1.0,32.31999969,2026-06-26T04:05:04,2026-08-13T03:50:47
MOMOMENTUM,Nifty200Momentum30TotalReturnIndex,MOMOMENTUM.NS,NSI,INR,1.0,62.97999954,2026-06-26T04:05:04,2026-08-13T03:50:47
MON100,Motilal Oswal NASDAQ 100 ETF,MON100.NS,NSI,INR,77.0,332.02,2026-06-24T15:31:05,2026-08-13T03:50:47
MON50EQUAL,Nifty 50 Equal Weight Total Return Index,MON50EQUAL.NS,NSI,INR,1.0,33.00999832,2026-06-26T04:05:04,2026-08-13T03:50:47
MONEXT50,Nifty Next 50 Total Return Index,MONEXT50.NS,NSI,INR,1.0,72.0,2026-06-26T04:05:04,2026-08-13T03:50:47
MONIFTY100,Nifty 100 Total Return Index,MONIFTY100.NS,NSI,INR,1.0,25.29999924,2026-06-26T04:05:04,2026-08-13T03:50:47
MONIFTY500,MotilalOswalNifty500ETF,MONIFTY500.NS,NSI,INR,1.0,23.65999985,2026-06-26T04:05:04,2026-08-13T03:50:47
MONQ50,NasdaqQ-50TotalReturnIndex,MONQ50.NS,NSI,INR,2.0,148.92,2026-06-26T04:05:04,2026-08-13T03:50:47
MOPSE,Nifty PSE Total Return Index,MOPSE.NS,NSI,INR,1.0,100.9100037,2026-06-26T04:05:04,2026-08-13T03:50:47
MOQUALITY,MotilalOswalS&PBSEQualityETF,MOQUALITY.NS,NSI,INR,1.0,200.4100037,2026-06-26T04:05:04,2026-08-13T03:50:47
MOREALTY,MotilalOswalNiftyRealtyETF,MOREALTY.NS,NSI,INR,1.0,82.11000061,2026-06-26T04:05:04,2026-08-13T03:50:47
MOSERVICE,Nifty Services Sector Total Return Index,MOSERVICE.NS,NSI,INR,1.0,30.63999939,2026-06-26T04:05:04,2026-08-13T03:50:47
MOSILVER,Domestic Price of Physical Silver,MOSILVER.NS,NSI,INR,1.0,215.3699951,2026-06-26T04:05:04,2026-08-13T03:50:47
MOSMALL250,MotilalOswalNiftySmallcap250ETF,MOSMALL250.NS,NSI,INR,1.0,17.85000038,2026-06-26T04:05:04,2026-08-13T03:50:47
MOTHERSON,Samvardhana Motherson International Limited,MOTHERSON.NS,NSI,INR,1.0,144.5800018,2026-06-24T15:00:44,2026-08-13T03:50:47
MOTILALOFS,Motilal Oswal Financial Services Limited,MOTILALOFS.NS,NSI,INR,1.0,935.1500244,2026-06-24T14:58:50,2026-08-13T03:50:47
MOTOUR,Nifty India Tourism Total Return Index,MOTOUR.NS,NSI,INR,1.0,79.56999969,2026-06-26T04:05:04,2026-08-13T03:50:47
MOVALUE,MotilalOswalS&PBSEEnhancedValueETF,MOVALUE.NS,NSI,INR,1.0,116.6800003,2026-06-26T04:05:04,2026-08-13T03:50:47
MSCI360,MSCI India Index,MSCI360.NS,NSI,INR,1.0,10.09000015,2026-06-26T04:05:04,2026-08-13T03:50:47
MSCIADD,MSCI India Index,MSCIADD.NS,NSI,INR,1.0,29.32999992,2026-06-26T04:05:04,2026-08-13T03:50:47
MSCIINDIA,MSCI India Index,MSCIINDIA.NS,NSI,INR,1.0,29.80999947,2026-06-26T04:05:04,2026-08-13T03:50:47
MTARTECH,Mtar Technologies Limited,MTARTECH.NS,NSI,INR,1.0,7777.0,2026-06-24T14:47:17,2026-08-13T03:50:47
MULTICAP,Nifty500 Multicap 50:25:25 Index,MULTICAP.NS,NSI,INR,1.0,16.56999969,2026-06-26T04:05:04,2026-08-13T03:50:47
NAM-INDIA,Nippon Life India Asset Management Limited,NAM-INDIA.NS,NSI,INR,1.0,1157.400024,2026-06-24T15:00:44,2026-08-13T03:50:47
NATIONALUM,National Aluminium Company Limited,NATIONALUM.NS,NSI,INR,1.0,385.46,2026-06-24T15:00:44,2026-08-13T03:50:47
NAVINFLUOR,Navin Fluorine International Limited,NAVINFLUOR.NS,NSI,INR,1.0,7698.5,2026-06-24T14:47:17,2026-08-13T03:50:47
NDRAUTO,Ndr Auto Components Limited,NDRAUTO.NS,NSI,INR,1.0,820.1500244,2026-06-24T15:00:44,2026-08-13T03:50:47
NEOGEN,Neogen Chemicals Limited,NEOGEN.NS,NSI,INR,1.0,2010.0,2026-07-01T04:00:50,2026-08-13T03:50:47
NESTLEIND,Nestle India Limited,NESTLEIND.NS,NSI,INR,1.0,1382.599976,2026-06-24T15:00:44,2026-08-13T03:50:47
NETF,TataNifty50ExchangeTradedFund,NETF.NS,NSI,INR,1.0,261.1799927,2026-06-26T04:05:04,2026-08-13T03:50:47
NETWEB,Netweb Technologies India Limited,NETWEB.NS,NSI,INR,1.0,5074.0,2026-06-24T14:58:50,2026-08-13T03:50:47
NEULANDLAB,Neuland Laboratories Limited,NEULANDLAB.NS,NSI,INR,1.0,18072.0,2026-06-24T14:47:17,2026-08-13T03:50:47
NEXT30ADD,BSE SENSEX Next 30 Index,NEXT30ADD.NS,NSI,INR,1.0,42.02000046,2026-06-26T04:05:04,2026-08-13T03:50:47
NEXT50,NiftyNext50,NEXT50.NS,NSI,INR,1.0,743.8800049,2026-06-26T04:05:04,2026-08-13T03:50:47
NEXT50ADD,Nifty Next 50 TRI,NEXT50ADD.NS,NSI,INR,1.0,72.44999695,2026-06-26T04:05:04,2026-08-13T03:50:47
NEXT50BETA,NiftyNext50,NEXT50BETA.NS,NSI,INR,1.0,77.94000244,2026-06-26T04:05:04,2026-08-13T03:50:47
NEXT50ETF,Nifty Next 50 Index,NEXT50ETF.NS,NSI,INR,1.0,72.45999908,2026-06-26T04:05:04,2026-08-13T03:50:47
NEXT50IETF,NiftyNext50,NEXT50IETF.NS,NSI,INR,1.0,76.12000275,2026-06-26T04:05:04,2026-08-13T03:50:47
NH,Narayana Hrudayalaya Ltd.,NH.NS,NSI,INR,1.0,1958.5,2026-06-24T15:00:44,2026-08-13T03:50:47
NHPC,NHPC Limited,NHPC.NS,NSI,INR,1.0,79.30999756,2026-06-24T15:00:44,2026-08-13T03:50:47
NIF100BEES,Nifty100,NIF100BEES.NS,NSI,INR,1.0,265.9100037,2026-06-26T04:05:04,2026-08-13T03:50:47
NIF100IETF,Nifty100,NIF100IETF.NS,NSI,INR,1.0,27.98999977,2026-06-26T04:05:04,2026-08-13T03:50:47
NIFTY1,Nifty50,NIFTY1.NS,NSI,INR,1.0,265.9200134,2026-06-26T04:05:04,2026-08-13T03:50:47
NIFTY100EW,Nifty 100 Equal Weight Index,NIFTY100EW.NS,NSI,INR,1.0,34.65999985,2026-06-26T04:05:04,2026-08-13T03:50:47
NIFTYADD,Nifty50Index,NIFTYADD.NS,NSI,INR,1.0,252.5299988,2026-06-26T04:05:04,2026-08-13T03:50:47
NIFTYBEES,Nippon India ETF Nifty BeES,NIFTYBEES.NS,NSI,INR,1.0,272.6799927,2026-06-26T04:05:04,2026-08-13T03:50:47
NIFTYBETA,Nifty50,NIFTYBETA.NS,NSI,INR,1.0,265.9899902,2026-06-26T04:05:04,2026-08-13T03:50:47
NIFTYBETF,BajajFinservNifty50ETF,NIFTYBETF.NS,NSI,INR,1.0,247.3899994,2026-06-26T04:05:04,2026-08-13T03:50:47
NIFTYCASE,Nifty Index 50 Index,NIFTYCASE.NS,NSI,INR,1.0,9.640000343,2026-06-26T04:05:04,2026-08-13T03:50:47
NIFTYETF,Nifty50,NIFTYETF.NS,NSI,INR,1.0,260.5,2026-06-26T04:05:04,2026-08-13T03:50:47
NIFTYIETF,Nifty50,NIFTYIETF.NS,NSI,INR,1.0,271.5,2026-06-26T04:05:04,2026-08-13T03:50:47
NIFTYQLITY,AdityaBirlaSunLifeNifty200Quality30ETF,NIFTYQLITY.NS,NSI,INR,1.0,20.71999931,2026-06-26T04:05:04,2026-08-13T03:50:47
NLCINDIA,NLC India Limited,NLCINDIA.NS,NSI,INR,1.0,325.25,2026-06-24T15:00:44,2026-08-13T03:50:47
NPBET,NiftyPrivateBankIndex,NPBET.NS,NSI,INR,1.0,292.6499939,2026-06-26T04:05:04,2026-08-13T03:50:47
NSLNISP,NMDC Steel Limited,NSLNISP.NS,NSI,INR,1.0,43.68000031,2026-06-26T05:13:57,2026-08-13T03:50:47
NV20,Nifty50Value20,NV20.NS,NSI,INR,1.0,14.10000038,2026-06-26T04:05:04,2026-08-13T03:50:47
NV20BEES,Nippon India ETF NV20,NV20BEES.NS,NSI,INR,1.0,141.1100006,2026-06-26T04:05:04,2026-08-13T03:50:47
NV20IETF,Nifty50Value20,NV20IETF.NS,NSI,INR,1.0,13.76000023,2026-06-26T04:05:04,2026-08-13T03:50:47
NYKAA,FSN E-Commerce Ventures Limited,NYKAA.NS,NSI,INR,1.0,306.5,2026-06-24T14:59:50,2026-08-13T03:50:47
OBEROIRLTY,Oberoi Realty Limited,OBEROIRLTY.NS,NSI,INR,1.0,1753.099976,2026-06-24T15:00:44,2026-08-13T03:50:47
OFSS,Oracle Financial Services Software Limited,OFSS.NS,NSI,INR,1.0,10778.0,2026-07-24T04:18:59,2026-08-13T03:50:47
OIL,Oil India Limited,OIL.NS,NSI,INR,1.0,418.0499878,2026-06-24T14:58:50,2026-08-13T03:50:47
OILIETF,Nifty Oil & Gas Index,OILIETF.NS,NSI,INR,1.0,11.39999962,2026-06-26T04:05:04,2026-08-13T03:50:47
OMAXAUTO,Omax Autos Limited,OMAXAUTO.NS,NSI,INR,1.0,223.4100037,2026-06-24T15:09:19,2026-08-13T03:50:47
ONELIFECAP,Onelife Capital Advisors Limited,ONELIFECAP.NS,NSI,INR,239.0,33.47,2026-07-01T04:04:33,2026-08-13T03:50:47
ONEPOINT,One Point One Solutions Limited,ONEPOINT.NS,NSI,INR,1.0,58.02000046,2026-06-24T15:00:44,2026-08-13T03:50:47
PAGEIND,Page Industries Limited,PAGEIND.NS,NSI,INR,1.0,40885.0,2026-06-24T15:00:44,2026-08-13T03:50:47
PAISALO,Paisalo Digital Limited,PAISALO.NS,NSI,INR,2.0,72.29,2026-06-24T15:00:44,2026-08-13T03:50:47
PANAMAPET,Panama Petrochem Limited,PANAMAPET.NS,NSI,INR,1.0,487.1000061,2026-07-29T03:30:12,2026-08-13T03:50:47
PASUPTAC,Pasupati Acrylon Limited,PASUPTAC.NS,NSI,INR,1.0,65.19000244,2026-06-24T15:09:19,2026-08-13T03:50:47
PCBL,PCBL Chemical Limited,PCBL.NS,NSI,INR,1.0,341.5,2026-07-30T04:24:53,2026-08-13T03:50:47
PETRONET,Petronet LNG Limited,PETRONET.NS,NSI,INR,1.0,,2026-08-17T03:33:30,2026-08-17T03:33:30
PFC,Power Finance Corporation Limited,PFC.NS,NSI,INR,1.0,437.1000061,2026-06-24T15:00:44,2026-08-13T03:50:47
PFIZER,Pfizer Limited,PFIZER.NS,NSI,INR,1.0,4890.100098,2026-08-04T03:50:17,2026-08-13T03:50:47
PGEL,PG Electroplast Limited,PGEL.NS,NSI,INR,1.0,624.25,2026-08-10T04:07:45,2026-08-13T03:50:47
PGIL,Pearl Global Industries Limited,PGIL.NS,NSI,INR,1.0,2081.0,2026-06-24T14:47:17,2026-08-13T03:50:47
PHARMABEES,Nippon India ETF Pharma BeES,PHARMABEES.NS,NSI,INR,1.0,25.62999916,2026-06-26T04:05:04,2026-08-13T03:50:47
PHOENIXLTD,The Phoenix Mills Limited,PHOENIXLTD.NS,NSI,INR,1.0,1912.300049,2026-06-24T14:58:50,2026-08-13T03:50:47
PIDILITIND,Pidilite Industries Limited,PIDILITIND.NS,NSI,INR,1.0,1701.5,2026-08-13T03:28:33,2026-08-13T03:50:47
PNBHOUSING,PNB Housing Finance Limited,PNBHOUSING.NS,NSI,INR,1.0,1046.5,2026-06-24T15:00:44,2026-08-13T03:50:47
PNCINFRA,PNC Infratech Limited,PNCINFRA.NS,NSI,INR,1.0,221.6399994,2026-08-12T04:37:46,2026-08-13T03:50:47
POCL,Pondy Oxides & Chemicals Limited,POCL.NS,NSI,INR,1.0,1352.199951,2026-06-24T14:58:50,2026-08-13T03:50:47
POLYCAB,Polycab India Limited,POLYCAB.NS,NSI,INR,1.0,9692.5,2026-06-24T14:59:50,2026-08-13T03:50:47
POLYMED,Poly Medicure Limited,POLYMED.NS,NSI,INR,1.0,,2026-08-17T03:36:34,2026-08-17T03:36:34
POONAWALLA,Poonawalla Fincorp Limited,POONAWALLA.NS,NSI,INR,1.0,469.1000061,2026-08-04T03:50:17,2026-08-13T03:50:47
POWERINDIA,Hitachi Energy India Limited,POWERINDIA.NS,NSI,INR,1.0,33950.0,2026-06-24T14:59:50,2026-08-13T03:50:47
PRECWIRE,Precision Wires India Limited,PRECWIRE.NS,NSI,INR,1.0,441.1000061,2026-06-24T15:00:44,2026-08-13T03:50:47
PRESTIGE,Prestige Estates Projects Limited,PRESTIGE.NS,NSI,INR,1.0,1628.0,2026-08-05T04:23:11,2026-08-13T03:50:47
PRICOLLTD,Pricol Limited,PRICOLLTD.NS,NSI,INR,1.0,589.2999878,2026-06-24T14:58:50,2026-08-13T03:50:47
PRINCEPIPE,Prince Pipes And Fittings Limited,PRINCEPIPE.NS,NSI,INR,1.0,292.3999939,2026-06-24T15:00:44,2026-08-13T03:50:47
PRIVISCL,Privi Speciality Chemicals Limited,PRIVISCL.NS,NSI,INR,1.0,3608.699951,2026-06-24T14:58:50,2026-08-13T03:50:47
PRUDENT,Prudent Corporate Advisory Services Limited,PRUDENT.NS,NSI,INR,1.0,2986.300049,2026-06-24T15:00:44,2026-08-13T03:50:47
PSPPROJECT,PSP Projects Limited,PSPPROJECT.NS,NSI,INR,1.0,999.25,2026-06-24T14:47:17,2026-08-13T03:50:47
PSUBANK,NiftyPSUBank,PSUBANK.NS,NSI,INR,1.0,863.3300171,2026-06-26T04:05:04,2026-08-13T03:50:47
PSUBANKADD,DSPNiftyPSUBankETF,PSUBANKADD.NS,NSI,INR,1.0,87.52999878,2026-06-26T04:05:04,2026-08-13T03:50:47
PSUBNKBEES,Nippon India ETF PSU Bank BeES,PSUBNKBEES.NS,NSI,INR,1.0,96.43000031,2026-06-26T04:05:04,2026-08-13T03:50:47
PSUBNKIETF,ICICIPrudentialNiftyPSUBankETF,PSUBNKIETF.NS,NSI,INR,1.0,87.76000214,2026-06-26T04:05:04,2026-08-13T03:50:47
PVTBANIETF,NiftyPrivateBankIndex,PVTBANIETF.NS,NSI,INR,1.0,28.61000061,2026-06-26T04:05:04,2026-08-13T03:50:47
PVTBANKADD,DSPNiftyPrivateBankETF,PVTBANKADD.NS,NSI,INR,1.0,28.84000015,2026-06-26T04:05:04,2026-08-13T03:50:47
PVTBKGROWW,Nifty Private Bank Index - TRI,PVTBKGROWW.NS,NSI,INR,1.0,28.40999985,2026-06-26T04:05:04,2026-08-13T03:50:47
QGOLDHALF,Gold,QGOLDHALF.NS,NSI,INR,1.0,117.75,2026-06-26T04:05:04,2026-08-13T03:50:47
QNIFTY,Nifty50,QNIFTY.NS,NSI,INR,1.0,264.2600098,2026-06-26T04:05:04,2026-08-13T03:50:47
QUAL30IETF,ICICIPrudentialNifty200Quality30ETF,QUAL30IETF.NS,NSI,INR,1.0,20.47999954,2026-06-26T04:05:04,2026-08-13T03:50:47
QUALITY30,Nifty200 Quality 30 Index,QUALITY30.NS,NSI,INR,1.0,20.09000015,2026-06-26T04:05:04,2026-08-13T03:50:47
RADICO,Radico Khaitan Limited,RADICO.NS,NSI,INR,1.0,3757.699951,2026-06-24T15:00:44,2026-08-13T03:50:47
RAINBOW,Rainbow Childrens Medicare Limited,RAINBOW.NS,NSI,INR,1.0,1434.099976,2026-06-24T14:47:17,2026-08-13T03:50:47
RBLBANK,RBL Bank Limited,RBLBANK.NS,NSI,INR,1.0,377.0499878,2026-06-24T14:47:17,2026-08-13T03:50:47
RECLTD,REC Limited,RECLTD.NS,NSI,INR,1.0,363.6499939,2026-06-24T15:00:44,2026-08-13T03:50:47
REDINGTON,Redington Limited,REDINGTON.NS,NSI,INR,1.0,339.3999939,2026-08-13T03:28:55,2026-08-13T03:50:47
RKFORGE,Ramkrishna Forgings Limited,RKFORGE.NS,NSI,INR,1.0,570.4500122,2026-06-24T14:58:50,2026-08-13T03:50:47
RML,Rane (Madras) Limited,RML.NS,NSI,INR,1.0,1061.800049,2026-06-24T14:47:17,2026-08-13T03:50:47
RRKABEL,R R Kabel Limited,RRKABEL.NS,NSI,INR,1.0,2438.0,2026-06-24T14:58:50,2026-08-13T03:50:47
RSWM,RSWM Limited,RSWM.NS,NSI,INR,1.0,232.0500031,2026-08-05T04:31:30,2026-08-13T03:50:47
SAIL,Steel Authority of India Limited,SAIL.NS,NSI,INR,1.0,171.4199982,2026-06-24T14:59:50,2026-08-13T03:50:47
SAKAR,Sakar Healthcare Limited,SAKAR.NS,NSI,INR,42.0,857.65,2026-06-24T14:58:50,2026-08-13T03:50:47
SANDHAR,Sandhar Technologies Limited,SANDHAR.NS,NSI,INR,1.0,676.2999878,2026-06-24T14:58:50,2026-08-13T03:50:47
SANGAMIND,Sangam (India) Limited,SANGAMIND.NS,NSI,INR,1.0,551.2999878,2026-06-24T14:58:50,2026-08-13T03:50:47
SANSERA,Sansera Engineering Limited,SANSERA.NS,NSI,INR,1.0,3147.100098,2026-06-24T15:00:44,2026-08-13T03:50:47
SATIN,Satin Creditcare Network Limited,SATIN.NS,NSI,INR,1.0,239.3099976,2026-06-24T14:58:50,2026-08-13T03:50:47
SBC,SBC Exports Limited,SBC.NS,NSI,INR,2485.0,40.12,2026-06-24T14:47:17,2026-08-13T03:50:47
SBIBPB,BSE PSU Bank Index TRI,SBIBPB.NS,NSI,INR,1.0,50.11999893,2026-06-26T04:05:04,2026-08-13T03:50:47
SBIETFCON,NiftyIndiaConsumptionIndex,SBIETFCON.NS,NSI,INR,1.0,118.4400024,2026-06-26T04:05:04,2026-08-13T03:50:47
SBIETFIT,NiftyITIndex,SBIETFIT.NS,NSI,INR,1.0,305.2999878,2026-06-26T04:05:04,2026-08-13T03:50:47
SBIETFPB,NiftyPrivateBankIndex,SBIETFPB.NS,NSI,INR,1.0,288.0700073,2026-06-26T04:05:04,2026-08-13T03:50:47
SBIETFQLTY,Nifty200Quality30Index,SBIETFQLTY.NS,NSI,INR,1.0,215.8099976,2026-06-26T04:05:04,2026-08-13T03:50:47
SBILIQETF,Nifty 1D Rate Index,SBILIQETF.NS,NSI,INR,1.0,1044.98999,2026-06-26T04:05:04,2026-08-13T03:50:47
SBIMIDMOM,Nifty Midcap 150 Momentum 50 Index,SBIMIDMOM.NS,NSI,INR,1.0,63.81999969,2026-06-26T04:05:04,2026-08-13T03:50:47
SBIN,State Bank of India,SBIN.NS,NSI,INR,1.0,1034.599976,2026-06-24T14:58:50,2026-08-13T03:50:47
SBINEQWETF,Nifty50 Equal Weight,SBINEQWETF.NS,NSI,INR,1.0,32.95000076,2026-06-26T04:05:04,2026-08-13T03:50:47
SBINMID150,Nifty Midcap 150 ETF,SBINMID150.NS,NSI,INR,1.0,22.80999947,2026-06-26T04:05:04,2026-08-13T03:50:47
SBISILVER,SBI SILVER ETF,SBISILVER.NS,NSI,INR,1.0,218.4700012,2026-06-26T04:05:04,2026-08-13T03:50:47
SBISMLETF,Nifty Smallcap 250 Index,SBISMLETF.NS,NSI,INR,1.0,17.67000008,2026-06-26T04:05:04,2026-08-13T03:50:47
SBIVALETF,Nifty200 Value 30 Index,SBIVALETF.NS,NSI,INR,1.0,15.06999969,2026-06-26T04:05:04,2026-08-13T03:50:47
SCHAEFFLER,Schaeffler India Limited,SCHAEFFLER.NS,NSI,INR,1.0,4186.200195,2026-06-24T14:58:50,2026-08-13T03:50:47
SCI,Shipping Corporation Of India Limited,SCI.NS,NSI,INR,1.0,323.1000061,2026-06-24T14:59:50,2026-08-13T03:50:47
SEAMECLTD,Seamec Limited,SEAMECLTD.NS,NSI,INR,1.0,1447.400024,2026-06-24T14:47:17,2026-08-13T03:50:47
SELECTIPO,BSE Select IPO Index,SELECTIPO.NS,NSI,INR,1.0,44.84999847,2026-06-26T04:05:04,2026-08-13T03:50:47
SENSEXADD,DSPS&PBSESensexETF,SENSEXADD.NS,NSI,INR,1.0,79.31999969,2026-06-26T04:05:04,2026-08-13T03:50:47
SENSEXAXIS,AXISBSESENSEXETF,SENSEXAXIS.NS,NSI,INR,1.0,81.81999969,2026-08-07T02:27:48,2026-08-13T03:50:47
SENSEXBETA,SENSEX,SENSEXBETA.NS,NSI,INR,1.0,850.7700195,2026-06-26T04:05:04,2026-08-13T03:50:47
SENSEXETF,MiraeAssetS&PBSESensexETF,SENSEXETF.NS,NSI,INR,1.0,79.22000122,2026-06-26T04:05:04,2026-08-13T03:50:47
SENSEXIETF,SENSEX,SENSEXIETF.NS,NSI,INR,1.0,886.1500244,2026-06-26T04:05:04,2026-08-13T03:50:47
SETF10GILT,Nifty10yrBenchmarkG-SecIndex,SETF10GILT.NS,NSI,INR,1.0,263.6300049,2026-06-26T04:05:04,2026-08-13T03:50:47
SETFGOLD,Gold,SETFGOLD.NS,NSI,INR,1.0,121.2399979,2026-06-26T04:05:04,2026-08-13T03:50:47
SETFNIF50,Nifty50,SETFNIF50.NS,NSI,INR,1.0,257.9700012,2026-06-26T04:05:04,2026-08-13T03:50:47
SETFNIFBK,NiftyNext50,SETFNIFBK.NS,NSI,INR,1.0,597.9099731,2026-06-26T04:05:04,2026-08-13T03:50:47
SETFNN50,NiftyBank,SETFNN50.NS,NSI,INR,1.0,768.4000244,2026-06-26T04:05:04,2026-08-13T03:50:47
SHARIABEES,Shariah,SHARIABEES.NS,NSI,INR,1.0,450.730011,2026-06-26T04:05:04,2026-08-13T03:50:47
SHILPAMED,Shilpa Medicare Limited,SHILPAMED.NS,NSI,INR,1.0,569.9500122,2026-07-01T04:01:32,2026-08-13T03:50:47
SHIVALIK,Shivalik Rasayan Limited,SHIVALIK.NS,NSI,INR,1.0,238.0,2026-07-01T03:59:52,2026-08-13T03:50:47
SHRIPISTON,Shriram Pistons & Rings Limited,SHRIPISTON.NS,NSI,INR,1.0,3926.899902,2026-06-24T15:00:44,2026-08-13T03:50:47
SHRIRAMFIN,Shriram Finance Limited,SHRIRAMFIN.NS,NSI,INR,1.0,1019.0,2026-06-24T14:59:50,2026-08-13T03:50:47
SHYAMMETL,Shyam Metalics and Energy Limited,SHYAMMETL.NS,NSI,INR,1.0,949.2999878,2026-06-24T15:00:44,2026-08-13T03:50:47
SIEMENS,Siemens Limited,SIEMENS.NS,NSI,INR,1.0,3561.5,2026-06-24T14:58:50,2026-08-13T03:50:47
SIGMAADV,SIGMAADV.NS,SIGMAADV.NS,NSI,INR,41.0,679.83,2026-07-29T07:09:30,2026-08-13T03:50:47
SILVER,PhysicalpriceofSilver,SILVER.NS,NSI,INR,1.0,222.6199951,2026-06-26T04:05:04,2026-08-13T03:50:47
SILVER1,KotakSilverETF,SILVER1.NS,NSI,INR,1.0,21.60000038,2026-06-26T04:05:04,2026-08-13T03:50:47
SILVER360,Commodity-Silver,SILVER360.NS,NSI,INR,1.0,212.8999939,2026-06-26T04:05:04,2026-08-13T03:50:47
SILVERADD,DSPSilverETF,SILVERADD.NS,NSI,INR,1.0,210.0500031,2026-06-26T04:05:04,2026-08-13T03:50:47
SILVERAG,MiraeAssetSilverETF,SILVERAG.NS,NSI,INR,1.0,210.1699982,2026-06-26T04:05:04,2026-08-13T03:50:47
SILVERBEES,NipponIndiaSilverETF,SILVERBEES.NS,NSI,INR,1.0,213.3500061,2026-06-26T04:05:04,2026-08-13T03:50:47
SILVERBETA,UTISilverExchangeTradedFund(UTISilverETF),SILVERBETA.NS,NSI,INR,1.0,208.6499939,2026-06-26T04:05:04,2026-08-13T03:50:47
SILVERBND,Commodity - Silver,SILVERBND.NS,NSI,INR,1.0,222.6399994,2026-06-26T04:05:04,2026-08-13T03:50:47
SILVERCASE,Commodity-Silver,SILVERCASE.NS,NSI,INR,1.0,22.56999969,2026-06-26T04:05:04,2026-08-13T03:50:47
SILVERIETF,DomesticPriceofSilver,SILVERIETF.NS,NSI,INR,1.0,222.4600067,2026-06-26T04:05:04,2026-08-13T03:50:47
SIS,SIS LIMITED,SIS.NS,NSI,INR,1.0,441.5,2026-06-24T14:58:50,2026-08-13T03:50:47
SJS,S.J.S. Enterprises Limited,SJS.NS,NSI,INR,1.0,2157.699951,2026-06-24T14:58:50,2026-08-13T03:50:47
SMALL250,Nifty Smallcap 250,SMALL250.NS,NSI,INR,1.0,17.70000076,2026-06-26T04:05:04,2026-08-13T03:50:47
SMALLADD,Nifty Smallcap 250 Index,SMALLADD.NS,NSI,INR,1.0,17.88999939,2026-06-26T04:05:04,2026-08-13T03:50:47
SMALLCAP,MiraeAssetNiftySmallcap250MomentumQuality100ETF,SMALLCAP.NS,NSI,INR,1.0,46.54999924,2026-06-26T04:05:04,2026-08-13T03:50:47
SMALLGROWW,Nifty Smallcap 250 Momentum Quality 100 Index TRI,SMALLGROWW.NS,NSI,INR,1.0,46.34000015,2026-06-26T04:05:04,2026-08-13T03:50:47
SMALLIETF,Nifty Smallcap 250 Index,SMALLIETF.NS,NSI,INR,1.0,17.72999954,2026-06-26T04:05:04,2026-08-13T03:50:47
SML100CASE,Nifty Smallcap 100 Index,SML100CASE.NS,NSI,INR,1.0,10.68000031,2026-06-26T04:05:04,2026-08-13T03:50:47
SNXT30BEES,BSE Sensex Next 30 Index,SNXT30BEES.NS,NSI,INR,1.0,41.95999908,2026-06-26T04:05:04,2026-08-13T03:50:47
SNXT50BETA,BSESensexNext50,SNXT50BETA.NS,NSI,INR,1.0,93.73000336,2026-06-26T04:05:04,2026-08-13T03:50:47
SOBHA,Sobha Limited,SOBHA.NS,NSI,INR,1.0,1377.900024,2026-08-05T04:23:24,2026-08-13T03:50:47
SOLARINDS,Solar Industries India Limited,SOLARINDS.NS,NSI,INR,1.0,17864.0,2026-06-24T15:00:44,2026-08-13T03:50:47
SOMANYCERA,Somany Ceramics Limited,SOMANYCERA.NS,NSI,INR,1.0,508.3500061,2026-08-05T04:23:44,2026-08-13T03:50:47
SONACOMS,Sona BLW Precision Forgings Limited,SONACOMS.NS,NSI,INR,1.0,621.0999756,2026-06-24T14:58:50,2026-08-13T03:50:47
SOUTHBANK,The South Indian Bank Limited,SOUTHBANK.NS,NSI,INR,1.0,45.70000076,2026-06-24T14:47:17,2026-08-13T03:50:47
SOUTHWEST,South West Pinnacle Exploration Limited,SOUTHWEST.NS,NSI,INR,1.0,230.3500061,2026-06-24T14:58:50,2026-08-13T03:50:47
SPAL,S. P. Apparels Limited,SPAL.NS,NSI,INR,1.0,1155.0,2026-07-01T04:01:11,2026-08-13T03:50:47
SRF,SRF Limited,SRF.NS,NSI,INR,1.0,2570.0,2026-08-13T03:28:39,2026-08-13T03:50:47
STAR,Strides Pharma Science Limited,STAR.NS,NSI,INR,1.0,1111.300049,2026-06-24T14:58:50,2026-08-13T03:50:47
STARHEALTH,Star Health and Allied Insurance Company Limited,STARHEALTH.NS,NSI,INR,1.0,574.2999878,2026-06-24T14:47:17,2026-08-13T03:50:47
SUMICHEM,Sumitomo Chemical India Limited,SUMICHEM.NS,NSI,INR,1.0,446.0499878,2026-06-24T14:47:17,2026-08-13T03:50:47
SUNPHARMA,Sun Pharmaceutical Industries Limited,SUNPHARMA.NS,NSI,INR,1.0,1874.400024,2026-06-24T14:58:50,2026-08-13T03:50:47
SUZLON,Suzlon Energy Limited,SUZLON.NS,NSI,INR,1.0,57.90999985,2026-06-24T14:58:50,2026-08-13T03:50:47
SWARAJENG,Swaraj Engines Limited,SWARAJENG.NS,NSI,INR,1.0,3947.199951,2026-06-24T15:00:44,2026-08-13T03:50:47
SYRMA,Syrma SGS Technology Limited,SYRMA.NS,NSI,INR,1.0,1424.699951,2026-06-24T14:59:50,2026-08-13T03:50:47
TANLA,Tanla Platforms Limited,TANLA.NS,NSI,INR,1.0,600.0499878,2026-07-24T04:18:59,2026-08-13T03:50:47
TARIL,Transformers And Rectifiers (India) Limited,TARIL.NS,NSI,INR,1.0,340.6499939,2026-06-24T14:58:50,2026-08-13T03:50:47
TATAGOLD,TataGoldExchangeTradedFund,TATAGOLD.NS,NSI,INR,15.0,14.86,2026-06-26T04:05:04,2026-08-13T03:50:47
TATATECH,Tata Technologies Limited,TATATECH.NS,NSI,INR,1.0,757.2999878,2026-08-05T04:36:45,2026-08-13T03:50:47
TATSILV,TataSilverExchangeTradedFund,TATSILV.NS,NSI,INR,1.0,21.02000046,2026-06-26T04:05:04,2026-08-13T03:50:47
TATVA,Tatva Chintan Pharma Chem Limited,TATVA.NS,NSI,INR,1.0,1800.099976,2026-07-29T03:27:06,2026-08-13T03:50:47
TDPOWERSYS,TD Power Systems Limited,TDPOWERSYS.NS,NSI,INR,1.0,1262.900024,2026-06-24T14:59:50,2026-08-13T03:50:47
TECH,NiftyITTRIIndex,TECH.NS,NSI,INR,1.0,30.07999992,2026-06-26T04:05:04,2026-08-13T03:50:47
THANGAMAYL,Thangamayil Jewellery Limited,THANGAMAYL.NS,NSI,INR,1.0,5447.700195,2026-06-24T14:58:50,2026-08-13T03:50:47
THERMAX,Thermax Limited,THERMAX.NS,NSI,INR,1.0,4757.399902,2026-06-24T14:58:50,2026-08-13T03:50:47
TI,Tilaknagar Industries Limited,TI.NS,NSI,INR,1.0,436.5,2026-06-24T14:47:17,2026-08-13T03:50:47
TIMKEN,Timken India Limited,TIMKEN.NS,NSI,INR,1.0,3760.300049,2026-06-24T14:58:50,2026-08-13T03:50:47
TIPSMUSIC,Tips Music Limited,TIPSMUSIC.NS,NSI,INR,1.0,640.5999756,2026-06-24T14:58:50,2026-08-13T03:50:47
TIRUPATIFL,Tirupati Forge Limited,TIRUPATIFL.NS,NSI,INR,1.0,65.75,2026-07-01T04:02:07,2026-08-13T03:50:47
TITAGARH,TITAGARH RAIL SYSTEMS LIMITED,TITAGARH.NS,NSI,INR,1.0,887.1500244,2026-07-01T04:00:50,2026-08-13T03:50:47
TITAN,Titan Company Limited,TITAN.NS,NSI,INR,1.0,4323.799805,2026-06-24T14:58:50,2026-08-13T03:50:47
TMB,Tamilnad Mercantile Bank Limited,TMB.NS,NSI,INR,1.0,763.4500122,2026-06-24T14:58:50,2026-08-13T03:50:47
TNIDETF,NiftyIndiaDigitalIndex,TNIDETF.NS,NSI,INR,1.0,81.12999725,2026-06-26T04:05:04,2026-08-13T03:50:47
TNPL,Tamil Nadu Newsprint & Papers Limited,TNPL.NS,NSI,INR,1.0,155.1199951,2026-08-05T04:32:16,2026-08-13T03:50:47
TOP100CASE,ZerodhaNifty100ETF,TOP100CASE.NS,NSI,INR,1.0,10.5,2026-06-26T04:05:04,2026-08-13T03:50:47
TOP10ADD,Nifty Top 10 Equal Weight Index,TOP10ADD.NS,NSI,INR,1.0,88.30999756,2026-06-26T04:05:04,2026-08-13T03:50:47
TOP15IETF,Nifty Top 15 Equal Weight Index,TOP15IETF.NS,NSI,INR,1.0,9.880000114,2026-06-26T04:05:04,2026-08-13T03:50:47
TOP20,Nifty Top 20 Equal Weight,TOP20.NS,NSI,INR,1.0,8.640000343,2026-06-26T04:05:04,2026-08-13T03:50:47
TORNTPHARM,Torrent Pharmaceuticals Limited,TORNTPHARM.NS,NSI,INR,1.0,4504.399902,2026-06-24T14:59:50,2026-08-13T03:50:47
TRENT,Trent Limited,TRENT.NS,NSI,INR,1.0,3247.0,2026-06-24T15:00:44,2026-08-13T03:50:47
TRITURBINE,Triveni Turbine Limited,TRITURBINE.NS,NSI,INR,1.0,675.5499878,2026-06-24T14:58:50,2026-08-13T03:50:47
TWCGOLDETF,Commodity,TWCGOLDETF.NS,NSI,INR,1.0,141.7100067,2026-06-26T04:05:04,2026-08-13T03:50:47
UCL,Ushanti Colour Chem Limited,UCL-SM.NS,NSI,INR,1.0,201.0,2026-07-01T04:12:34,2026-08-13T03:50:47
UJJIVANSFB,Ujjivan Small Finance Bank Limited,UJJIVANSFB.NS,NSI,INR,1.0,57.22000122,2026-06-24T15:00:44,2026-08-13T03:50:47
ULTRACEMCO,UltraTech Cement Limited,ULTRACEMCO.NS,NSI,INR,1.0,11956.0,2026-07-28T16:24:26,2026-08-13T03:50:47
UNIONBANK,Union Bank of India,UNIONBANK.NS,NSI,INR,1.0,174.85,2026-06-24T14:59:50,2026-08-13T03:50:47
UNIONGOLD,Commodity Gold,UNIONGOLD.NS,NSI,INR,1.0,136.5,2026-06-26T04:05:04,2026-08-13T03:50:47
UNIPARTS,Uniparts India Limited,UNIPARTS.NS,NSI,INR,1.0,670.0499878,2026-06-24T14:47:17,2026-08-13T03:50:47
UNITDSPR,United Spirits Limited,UNITDSPR.NS,NSI,INR,1.0,1520.0,2026-08-06T03:40:02,2026-08-13T03:50:47
UNIVCABLES,Universal Cables Limited,UNIVCABLES.NS,NSI,INR,1.0,1293.199951,2026-06-24T15:00:44,2026-08-13T03:50:47
UNOMINDA,UNO Minda Limited,UNOMINDA.NS,NSI,INR,1.0,1255.699951,2026-08-12T04:37:46,2026-08-13T03:50:47
USHAMART,Usha Martin Limited,USHAMART.NS,NSI,INR,1.0,465.7999878,2026-06-24T15:00:44,2026-08-13T03:50:47
UTIAMC,UTI Asset Management Company Limited,UTIAMC.NS,NSI,INR,1.0,936.2000122,2026-06-24T14:59:50,2026-08-13T03:50:47
VAL30IETF,Nifty200 Value 30 Index,VAL30IETF.NS,NSI,INR,1.0,15.67000008,2026-06-26T04:05:04,2026-08-13T03:50:47
VALUE,Nifty 500 Value 50,VALUE.NS,NSI,INR,1.0,16.26000023,2026-06-26T04:05:04,2026-08-13T03:50:47
VALUEAXIS,Nifty500 Value 50 TRI,VALUEAXIS.NS,NSI,INR,1.0,33.40000153,2026-08-06T19:25:31,2026-08-13T03:50:47
VBL,Varun Beverages Limited,VBL.NS,NSI,INR,1.0,506.7000122,2026-06-24T15:00:44,2026-08-13T03:50:47
VENUSREM,Venus Remedies Limited,VENUSREM.NS,NSI,INR,9.0,1523.95,2026-06-24T15:09:19,2026-08-13T03:50:47
VIJAYA,Vijaya Diagnostic Centre Limited,VIJAYA.NS,NSI,INR,1.0,1312.599976,2026-06-24T15:00:44,2026-08-13T03:50:47
VIMTALABS,Vimta Labs Limited,VIMTALABS.NS,NSI,INR,1.0,591.5499878,2026-06-24T14:58:50,2026-08-13T03:50:47
VTL,Vardhman Textiles Limited,VTL.NS,NSI,INR,2.0,645.2999878,2026-06-24T14:58:50,2026-08-13T03:50:47
WABAG,VA Tech Wabag Limited,WABAG.NS,NSI,INR,1.0,2099.100098,2026-06-24T14:58:50,2026-08-13T03:50:47
WALCHANNAG,Walchandnagar Industries Limited,WALCHANNAG.NS,NSI,INR,1.0,286.8500061,2026-06-24T15:00:44,2026-08-13T03:50:47
WELCORP,Welspun Corp Limited,WELCORP.NS,NSI,INR,1.0,1406.0,2026-06-24T14:58:50,2026-08-13T03:50:47
WELENT,Welspun Enterprises Limited,WELENT.NS,NSI,INR,1.0,606.9000244,2026-07-01T04:01:32,2026-08-13T03:50:47
WELSPUNLIV,Welspun Living Limited,WELSPUNLIV.NS,NSI,INR,1.0,,2026-08-17T03:36:34,2026-08-17T03:36:34
WOCKPHARMA,Wockhardt Limited,WOCKPHARMA.NS,NSI,INR,1.0,1968.300049,2026-06-24T14:47:17,2026-08-13T03:50:47
YESBANK,Yes Bank Limited,YESBANK.NS,NSI,INR,1.0,22.70000076,2026-07-24T04:18:59,2026-08-13T03:50:47
ZYDUSLIFE,Zydus Lifesciences Limited,ZYDUSLIFE.NS,NSI,INR,1.0,1099.300049,2026-06-24T14:47:17,2026-08-13T03:50:47
